|Run	|Epoch	|Trial	$TrialName	#Err	#SSE	#AvgSSE	#CosDiff
0	0	0	evt_23	1	4.987	0.1995	0.3507
0	0	1	evt_16	1	4.404	0.1762	0.4012
0	0	2	evt_19	1	8.244	0.3297	-0.1512
0	0	3	evt_5	1	6.687	0.2675	0.01344
0	0	4	evt_4	1	5.764	0.2305	0.1708
0	0	5	evt_20	1	6.068	0.2427	0.06015
0	0	6	evt_3	1	5.477	0.2191	0.169
0	0	7	evt_22	1	6.643	0.2657	-0.04358
0	0	8	evt_17	1	6.625	0.265	0.05092
0	0	9	evt_8	1	8.153	0.3261	-0.191
0	0	10	evt_2	1	6.614	0.2646	-0.0324
0	0	11	evt_12	1	8.461	0.3385	-0.1213
0	0	12	evt_15	1	5.418	0.2167	0.2394
0	0	13	evt_10	1	7.417	0.2967	-0.05132
0	0	14	evt_21	1	7.87	0.3148	-0.225
0	0	15	evt_11	1	6.572	0.2629	0.01696
0	0	16	evt_7	1	6.201	0.248	-0.05718
0	0	17	evt_9	1	10.41	0.4166	-0.385
0	0	18	evt_1	1	3.207	0.1283	0.4721
0	0	19	evt_0	1	8.436	0.3375	-0.1868
0	0	20	evt_18	1	8.852	0.3541	-0.1523
0	0	21	evt_13	1	7.662	0.3065	-0.03814
0	0	22	evt_6	1	7.588	0.3035	-0.1115
0	0	23	evt_14	1	9.174	0.367	-0.1995
0	1	0	evt_19	1	7.755	0.3102	-0.1418
0	1	1	evt_7	1	5.527	0.2211	0.0889
0	1	2	evt_1	1	3.485	0.1394	0.4461
0	1	3	evt_18	1	7.225	0.289	-0.1589
0	1	4	evt_4	1	4.766	0.1906	0.246
0	1	5	evt_23	1	5.063	0.2025	0.2807
0	1	6	evt_16	1	4.595	0.1838	0.3403
0	1	7	evt_12	1	8.504	0.3402	-0.1892
0	1	8	evt_3	1	6.178	0.2471	0.07102
0	1	9	evt_11	1	7.176	0.287	0.006864
0	1	10	evt_21	1	4.999	0.2	0.1859
0	1	11	evt_15	1	2.265	0.09061	0.6244
0	1	12	evt_13	1	8.72	0.3488	-0.1602
0	1	13	evt_2	1	7.099	0.2839	-0.02414
0	1	14	evt_14	1	9.081	0.3632	-0.1876
0	1	15	evt_20	1	5.58	0.2232	0.2259
0	1	16	evt_10	1	5.887	0.2355	0.1911
0	1	17	evt_22	1	8.016	0.3206	-0.0956
0	1	18	evt_8	1	3.692	0.1477	0.4185
0	1	19	evt_9	1	10.08	0.4033	-0.3464
0	1	20	evt_6	1	5.567	0.2227	0.2184
0	1	21	evt_0	1	6.596	0.2638	0.1015
0	1	22	evt_5	1	6.51	0.2604	0.06273
0	1	23	evt_17	1	6.386	0.2554	0.1206
0	2	0	evt_6	1	5.546	0.2218	0.2319
0	2	1	evt_10	1	4.844	0.1937	0.2885
0	2	2	evt_21	1	5.449	0.218	0.2001
0	2	3	evt_19	1	6.771	0.2708	0.05133
0	2	4	evt_15	1	1.84	0.0736	0.663
0	2	5	evt_22	1	4.309	0.1724	0.324
0	2	6	evt_18	1	5.539	0.2216	0.2085
0	2	7	evt_8	1	6.994	0.2797	0.02964
0	2	8	evt_20	1	6.622	0.2649	0.06915
0	2	9	evt_23	1	4.386	0.1754	0.3186
0	2	10	evt_11	1	7.192	0.2877	-0.02623
0	2	11	evt_7	1	7.234	0.2894	0.01685
0	2	12	evt_16	1	4.104	0.1642	0.355
0	2	13	evt_2	1	6.876	0.2751	0.008707
0	2	14	evt_5	1	3.141	0.1256	0.5656
0	2	15	evt_4	1	6.188	0.2475	0.1321
0	2	16	evt_1	1	3.661	0.1464	0.4574
0	2	17	evt_17	1	4.167	0.1667	0.4192
0	2	18	evt_9	1	7.153	0.2861	0.017
0	2	19	evt_0	1	4.573	0.1829	0.3173
0	2	20	evt_3	1	5.523	0.2209	0.1814
0	2	21	evt_13	1	6.35	0.254	0.09671
0	2	22	evt_12	1	5.525	0.221	0.215
0	2	23	evt_14	1	4.181	0.1672	0.3762
0	3	0	evt_17	1	2.875	0.115	0.6042
0	3	1	evt_12	1	2.785	0.1114	0.5745
0	3	2	evt_11	1	6.41	0.2564	0.1317
0	3	3	evt_8	1	2.365	0.09459	0.6512
0	3	4	evt_18	1	4.376	0.175	0.3832
0	3	5	evt_15	1	2.305	0.0922	0.6653
0	3	6	evt_19	1	5.797	0.2319	0.1566
0	3	7	evt_23	1	1.926	0.07706	0.6961
0	3	8	evt_3	1	4.885	0.1954	0.2955
0	3	9	evt_7	1	4.441	0.1777	0.3118
0	3	10	evt_10	1	4.175	0.167	0.3236
0	3	11	evt_2	1	5.956	0.2382	0.09958
0	3	12	evt_1	1	3.126	0.125	0.5257
0	3	13	evt_13	1	6.02	0.2408	0.006573
0	3	14	evt_4	1	7.919	0.3167	-0.02661
0	3	15	evt_5	1	2.571	0.1028	0.607
0	3	16	evt_14	1	2.185	0.08742	0.651
0	3	17	evt_9	1	4.291	0.1716	0.3929
0	3	18	evt_6	1	3.822	0.1529	0.4384
0	3	19	evt_0	1	4.118	0.1647	0.4037
0	3	20	evt_20	1	2.844	0.1138	0.5502
0	3	21	evt_22	1	4.38	0.1752	0.3756
0	3	22	evt_16	1	4.623	0.1849	0.2926
0	3	23	evt_21	1	5.433	0.2173	0.2655
0	4	0	evt_12	1	1.158	0.04631	0.794
0	4	1	evt_15	1	1.064	0.04258	0.8292
0	4	2	evt_0	1	3.675	0.147	0.4349
0	4	3	evt_16	1	4.639	0.1856	0.2735
0	4	4	evt_10	1	3.786	0.1514	0.4992
0	4	5	evt_1	1	0.8369	0.03348	0.8278
0	4	6	evt_11	1	5.656	0.2262	0.1955
0	4	7	evt_23	1	2.149	0.08596	0.7007
0	4	8	evt_14	1	0.9677	0.03871	0.8428
0	4	9	evt_6	1	4.457	0.1783	0.3672
0	4	10	evt_21	1	4.95	0.198	0.3177
0	4	11	evt_5	1	1.337	0.0535	0.7485
0	4	12	evt_19	1	6.188	0.2475	0.1532
0	4	13	evt_17	1	3.39	0.1356	0.5573
0	4	14	evt_3	1	3.881	0.1553	0.357
0	4	15	evt_9	1	3.644	0.1458	0.4914
0	4	16	evt_4	1	2.471	0.09885	0.6142
0	4	17	evt_18	1	4.006	0.1602	0.4238
0	4	18	evt_8	1	0.3511	0.01404	0.8489
0	4	19	evt_13	1	5.599	0.224	0.2402
0	4	20	evt_2	1	5.204	0.2082	0.2427
0	4	21	evt_20	1	3.412	0.1365	0.4941
0	4	22	evt_22	1	4.26	0.1704	0.4044
0	4	23	evt_7	1	3.392	0.1357	0.4619
0	5	0	evt_20	1	3.292	0.1317	0.515
0	5	1	evt_22	1	5.973	0.2389	0.2058
0	5	2	evt_19	1	5.825	0.233	0.23
0	5	3	evt_3	1	3.557	0.1423	0.4045
0	5	4	evt_21	1	3.907	0.1563	0.3907
0	5	5	evt_11	1	3.066	0.1226	0.5107
0	5	6	evt_7	1	2.531	0.1012	0.5871
0	5	7	evt_6	1	4.466	0.1786	0.3196
0	5	8	evt_5	1	1.626	0.06505	0.7379
0	5	9	evt_14	1	0.6104	0.02442	0.9113
0	5	10	evt_15	1	0.9404	0.03761	0.8697
0	5	11	evt_0	1	5.178	0.2071	0.266
0	5	12	evt_1	1	0.811	0.03244	0.8456
0	5	13	evt_18	1	2.711	0.1084	0.5587
0	5	14	evt_17	1	1.325	0.053	0.8125
0	5	15	evt_13	1	1.309	0.05236	0.7749
0	5	16	evt_16	1	2.597	0.1039	0.555
0	5	17	evt_23	1	1.821	0.07285	0.7483
0	5	18	evt_2	1	6.017	0.2407	0.1827
0	5	19	evt_10	1	4	0.16	0.442
0	5	20	evt_8	1	0.3694	0.01477	0.8734
0	5	21	evt_4	1	5.303	0.2121	0.244
0	5	22	evt_12	1	0.5682	0.02273	0.8524
0	5	23	evt_9	1	2.581	0.1032	0.6234
0	6	0	evt_7	1	2.418	0.0967	0.6271
0	6	1	evt_0	1	3.275	0.131	0.52
0	6	2	evt_12	1	0.2747	0.01099	0.8746
0	6	3	evt_3	1	3.416	0.1366	0.5063
0	6	4	evt_14	1	0.5987	0.02395	0.9133
0	6	5	evt_17	1	0.581	0.02324	0.8919
0	6	6	evt_6	1	4.054	0.1622	0.3584
0	6	7	evt_19	1	4.86	0.1944	0.2911
0	6	8	evt_20	1	1.509	0.06036	0.7581
0	6	9	evt_8	1	0.7853	0.03141	0.8895
0	6	10	evt_2	1	4.59	0.1836	0.289
0	6	11	evt_10	1	4.06	0.1624	0.3636
0	6	12	evt_4	1	2.544	0.1018	0.6163
0	6	13	evt_13	1	0.5964	0.02386	0.8492
0	6	14	evt_22	1	4.588	0.1835	0.2939
0	6	15	evt_16	1	2.746	0.1099	0.5495
0	6	16	evt_1	1	0.4436	0.01775	0.8597
0	6	17	evt_9	1	2.24	0.08961	0.6306
0	6	18	evt_18	1	1.333	0.05331	0.6394
0	6	19	evt_23	1	0.528	0.02112	0.8388
0	6	20	evt_11	1	1.722	0.06887	0.7235
0	6	21	evt_21	1	2.61	0.1044	0.5857
0	6	22	evt_15	1	0.9314	0.03726	0.8764
0	6	23	evt_5	1	0.9664	0.03866	0.8302
0	7	0	evt_12	1	0.7732	0.03093	0.8712
0	7	1	evt_7	1	2.507	0.1003	0.6157
0	7	2	evt_14	1	0.5797	0.02319	0.9118
0	7	3	evt_10	1	3.956	0.1583	0.3805
0	7	4	evt_16	1	2.892	0.1157	0.5806
0	7	5	evt_19	1	5.578	0.2231	0.1872
0	7	6	evt_15	1	0.8329	0.03332	0.8904
0	7	7	evt_0	1	1.357	0.05429	0.7603
0	7	8	evt_9	1	2.682	0.1073	0.6151
0	7	9	evt_13	1	0.4962	0.01985	0.8541
0	7	10	evt_2	1	3.495	0.1398	0.4701
0	7	11	evt_4	1	2.512	0.1005	0.6316
0	7	12	evt_17	1	0.5907	0.02363	0.8984
0	7	13	evt_23	1	0.82	0.0328	0.8308
0	7	14	evt_21	1	2.227	0.08909	0.7007
0	7	15	evt_6	1	2.269	0.09078	0.6405
0	7	16	evt_8	1	0.5345	0.02138	0.8857
0	7	17	evt_3	1	2.567	0.1027	0.6208
0	7	18	evt_22	1	4.266	0.1706	0.3507
0	7	19	evt_18	1	3.492	0.1397	0.4833
0	7	20	evt_5	1	0.8604	0.03442	0.8552
0	7	21	evt_20	1	1.064	0.04256	0.8041
0	7	22	evt_1	1	0.8763	0.03505	0.8716
0	7	23	evt_11	1	1.387	0.05548	0.7556
0	8	0	evt_2	1	0.7534	0.03014	0.7429
0	8	1	evt_5	1	0.5287	0.02115	0.8732
0	8	2	evt_15	1	0.7478	0.02991	0.8971
0	8	3	evt_18	1	1.722	0.06889	0.6827
0	8	4	evt_20	1	1.026	0.04105	0.8082
0	8	5	evt_23	1	0.5428	0.02171	0.8328
0	8	6	evt_13	1	0.652	0.02608	0.866
0	8	7	evt_12	1	1.396	0.05582	0.7941
0	8	8	evt_17	1	0.6077	0.02431	0.9101
0	8	9	evt_21	1	2.154	0.08617	0.718
0	8	10	evt_22	1	2.264	0.09056	0.6072
0	8	11	evt_0	1	1.16	0.04638	0.7763
0	8	12	evt_7	1	1.95	0.078	0.6917
0	8	13	evt_9	1	3.398	0.1359	0.5024
0	8	14	evt_6	1	1.742	0.06968	0.7442
0	8	15	evt_1	1	0.7059	0.02824	0.8908
0	8	16	evt_16	1	2.202	0.08808	0.6387
0	8	17	evt_10	1	2.867	0.1147	0.5346
0	8	18	evt_14	1	0.5605	0.02242	0.907
0	8	19	evt_3	1	1.07	0.0428	0.7821
0	8	20	evt_4	1	2.664	0.1066	0.643
0	8	21	evt_8	1	0.4217	0.01687	0.9244
0	8	22	evt_11	1	1.012	0.04049	0.7998
0	8	23	evt_19	1	3.673	0.1469	0.4283
0	9	0	evt_10	1	2.686	0.1074	0.5688
0	9	1	evt_18	1	1.514	0.06057	0.7328
0	9	2	evt_22	1	2.19	0.08759	0.6529
0	9	3	evt_19	1	2.767	0.1107	0.5632
0	9	4	evt_14	1	0.5463	0.02185	0.8977
0	9	5	evt_0	1	1.131	0.04523	0.8227
0	9	6	evt_2	1	0.7226	0.0289	0.8228
0	9	7	evt_8	1	0.3987	0.01595	0.916
0	9	8	evt_5	1	0.5388	0.02155	0.904
0	9	9	evt_3	1	0.9747	0.03899	0.808
0	9	10	evt_12	1	0.348	0.01392	0.8712
0	9	11	evt_17	1	0.6213	0.02485	0.9085
0	9	12	evt_16	1	1.671	0.06682	0.6922
0	9	13	evt_1	1	0.747	0.02988	0.8396
0	9	14	evt_15	1	0.4076	0.0163	0.9199
0	9	15	evt_4	1	2.488	0.09951	0.6658
0	9	16	evt_23	1	2.037	0.08148	0.686
0	9	17	evt_13	1	0.3281	0.01312	0.8817
0	9	18	evt_21	1	2.046	0.08186	0.7303
0	9	19	evt_11	1	0.9319	0.03728	0.8259
0	9	20	evt_9	1	1.321	0.05285	0.798
0	9	21	evt_6	1	1.371	0.05483	0.7852
0	9	22	evt_7	1	1.664	0.06657	0.7366
0	9	23	evt_20	1	0.8528	0.03411	0.795
0	10	0	evt_21	1	1.994	0.07977	0.7372
0	10	1	evt_13	1	0.5774	0.0231	0.8617
0	10	2	evt_1	1	0.3497	0.01399	0.9098
0	10	3	evt_7	1	1.476	0.05905	0.7729
0	10	4	evt_18	1	0.865	0.0346	0.8212
0	10	5	evt_8	1	0.4244	0.01697	0.9003
0	10	6	evt_22	1	1.432	0.05728	0.7597
0	10	7	evt_4	1	1.369	0.05478	0.769
0	10	8	evt_14	1	0.7858	0.03143	0.8856
0	10	9	evt_6	1	1.211	0.04843	0.8052
0	10	10	evt_5	1	0.2712	0.01085	0.9129
0	10	11	evt_10	1	2.394	0.09575	0.6426
0	10	12	evt_15	1	0.3542	0.01417	0.932
0	10	13	evt_12	0	0	0	0.966
0	10	14	evt_19	1	3.191	0.1276	0.4285
0	10	15	evt_23	1	0.3276	0.01311	0.8784
0	10	16	evt_9	1	1.257	0.05027	0.8101
0	10	17	evt_2	1	0.3494	0.01398	0.8884
0	10	18	evt_16	1	0.7751	0.031	0.8482
0	10	19	evt_11	1	1.199	0.04795	0.7643
0	10	20	evt_0	1	1.633	0.0653	0.7249
0	10	21	evt_3	1	0.9179	0.03672	0.8212
0	10	22	evt_17	1	0.345	0.0138	0.9257
0	10	23	evt_20	1	1.138	0.04552	0.792
0	11	0	evt_21	1	0.6499	0.026	0.8969
0	11	1	evt_11	1	0.5663	0.02265	0.8673
0	11	2	evt_6	1	1.136	0.04545	0.8154
0	11	3	evt_12	0	0	0	0.9834
0	11	4	evt_5	1	0.8049	0.03219	0.8679
0	11	5	evt_13	1	0.9677	0.03871	0.8247
0	11	6	evt_22	1	1.751	0.07005	0.6729
0	11	7	evt_16	1	0.3291	0.01317	0.8927
0	11	8	evt_1	1	0.3163	0.01265	0.9239
0	11	9	evt_7	1	0.9878	0.03951	0.8392
0	11	10	evt_8	0	0	0	0.9565
0	11	11	evt_3	1	0.9297	0.03719	0.8349
0	11	12	evt_20	1	1.121	0.04485	0.7992
0	11	13	evt_17	1	0.3246	0.01299	0.9323
0	11	14	evt_23	1	0.5015	0.02006	0.8748
0	11	15	evt_2	1	0.8243	0.03297	0.829
0	11	16	evt_18	1	0.6826	0.0273	0.8669
0	11	17	evt_19	1	1.632	0.06529	0.6853
0	11	18	evt_15	1	0.4293	0.01717	0.9214
0	11	19	evt_4	1	1.006	0.04023	0.834
0	11	20	evt_14	1	0.4945	0.01978	0.9082
0	11	21	evt_10	1	2.554	0.1022	0.6098
0	11	22	evt_0	1	2.154	0.08616	0.6858
0	11	23	evt_9	1	2.012	0.0805	0.701
0	12	0	evt_11	1	1.048	0.04191	0.8098
0	12	1	evt_21	1	0.2589	0.01035	0.9286
0	12	2	evt_5	1	0.4861	0.01944	0.9125
0	12	3	evt_1	1	0.2857	0.01143	0.9313
0	12	4	evt_10	1	2.782	0.1113	0.5618
0	12	5	evt_4	1	0.6893	0.02757	0.8611
0	12	6	evt_12	0	0	0	0.9844
0	12	7	evt_0	1	1.891	0.07564	0.7365
0	12	8	evt_17	1	0.3423	0.01369	0.9405
0	12	9	evt_8	0	0	0	0.97
0	12	10	evt_3	1	0.5991	0.02397	0.8331
0	12	11	evt_13	1	1.704	0.06817	0.7192
0	12	12	evt_2	1	0.3046	0.01218	0.9352
0	12	13	evt_19	1	1.458	0.05834	0.7236
0	12	14	evt_23	1	1.574	0.06294	0.6927
0	12	15	evt_16	1	0.8044	0.03218	0.855
0	12	16	evt_7	1	0.5573	0.02229	0.872
0	12	17	evt_20	1	0.4365	0.01746	0.8676
0	12	18	evt_6	1	0.6344	0.02538	0.834
0	12	19	evt_22	1	0.823	0.03292	0.8452
0	12	20	evt_18	1	0.6411	0.02564	0.8531
0	12	21	evt_14	1	0.4781	0.01912	0.9097
0	12	22	evt_15	1	0.3562	0.01425	0.9432
0	12	23	evt_9	1	1.008	0.04031	0.8463
0	13	0	evt_0	1	1.482	0.05928	0.7589
0	13	1	evt_12	0	0	0	0.9833
0	13	2	evt_18	0	0	0	0.9152
0	13	3	evt_8	0	0	0	0.9771
0	13	4	evt_2	0	0	0	0.968
0	13	5	evt_5	1	0.4702	0.01881	0.9234
0	13	6	evt_15	1	0.3401	0.0136	0.93
0	13	7	evt_21	1	0.255	0.0102	0.9396
0	13	8	evt_23	1	0.7531	0.03012	0.8689
0	13	9	evt_10	1	1.648	0.0659	0.716
0	13	10	evt_4	1	0.8163	0.03265	0.8554
0	13	11	evt_14	1	0.4347	0.01739	0.9095
0	13	12	evt_20	1	1.632	0.06526	0.7358
0	13	13	evt_13	1	1.489	0.05957	0.7385
0	13	14	evt_9	1	0.9664	0.03866	0.8539
0	13	15	evt_16	1	0.2936	0.01175	0.8794
0	13	16	evt_6	1	0.5515	0.02206	0.8825
0	13	17	evt_11	1	0.5198	0.02079	0.8946
0	13	18	evt_7	1	0.2781	0.01112	0.9258
0	13	19	evt_1	0	0	0	0.9325
0	13	20	evt_19	1	1.037	0.04146	0.822
0	13	21	evt_17	1	0.2804	0.01121	0.9509
0	13	22	evt_3	1	1.55	0.062	0.7545
0	13	23	evt_22	1	0.7392	0.02957	0.8599
0	14	0	evt_20	1	0.346	0.01384	0.9085
0	14	1	evt_11	1	0.4654	0.01862	0.8978
0	14	2	evt_8	0	0	0	0.9812
0	14	3	evt_17	1	0.2702	0.01081	0.9541
0	14	4	evt_21	0	0	0	0.9501
0	14	5	evt_5	1	0.4243	0.01697	0.9324
0	14	6	evt_15	0	0	0	0.9558
0	14	7	evt_18	0	0	0	0.9335
0	14	8	evt_22	1	0.6544	0.02618	0.8762
0	14	9	evt_23	1	0.716	0.02864	0.8684
0	14	10	evt_2	0	0	0	0.9692
0	14	11	evt_13	1	0.2725	0.0109	0.8823
0	14	12	evt_12	0	0	0	0.9875
0	14	13	evt_14	1	0.4223	0.01689	0.9115
0	14	14	evt_9	1	0.5483	0.02193	0.8805
0	14	15	evt_7	1	0.2734	0.01094	0.9244
0	14	16	evt_19	1	0.5704	0.02281	0.8643
0	14	17	evt_4	1	0.3261	0.01304	0.8893
0	14	18	evt_3	1	0.7449	0.0298	0.8656
0	14	19	evt_16	1	0.332	0.01328	0.9247
0	14	20	evt_6	1	0.471	0.01884	0.9067
0	14	21	evt_1	0	0	0	0.9578
0	14	22	evt_10	1	1.688	0.06752	0.7062
0	14	23	evt_0	0	0	0	0.9086
0	15	0	evt_8	0	0	0	0.9812
0	15	1	evt_4	1	0.4024	0.0161	0.8805
0	15	2	evt_9	1	0.4597	0.01839	0.9035
0	15	3	evt_5	1	0.3616	0.01446	0.943
0	15	4	evt_23	1	0.6584	0.02634	0.8774
0	15	5	evt_16	1	0.4411	0.01764	0.9125
0	15	6	evt_1	0	0	0	0.9414
0	15	7	evt_21	0	0	0	0.923
0	15	8	evt_11	1	0.4152	0.01661	0.8965
0	15	9	evt_6	1	0.3885	0.01554	0.9255
0	15	10	evt_19	1	0.254	0.01016	0.9021
0	15	11	evt_17	0	0	0	0.956
0	15	12	evt_12	0	0	0	0.991
0	15	13	evt_3	1	0.4547	0.01819	0.8839
0	15	14	evt_14	1	0.3686	0.01475	0.9194
0	15	15	evt_18	0	0	0	0.9441
0	15	16	evt_10	1	0.2861	0.01144	0.8998
0	15	17	evt_13	1	0.294	0.01176	0.8924
0	15	18	evt_7	0	0	0	0.9546
0	15	19	evt_0	0	0	0	0.9451
0	15	20	evt_22	1	0.3598	0.01439	0.9017
0	15	21	evt_2	0	0	0	0.9717
0	15	22	evt_15	0	0	0	0.961
0	15	23	evt_20	0	0	0	0.9487
0	16	0	evt_0	1	0.3564	0.01426	0.9444
0	16	1	evt_22	1	0.3336	0.01334	0.9162
0	16	2	evt_18	0	0	0	0.9554
0	16	3	evt_13	1	0.2718	0.01087	0.9041
0	16	4	evt_23	1	0.2604	0.01042	0.9139
0	16	5	evt_15	1	0.2991	0.01196	0.9445
0	16	6	evt_4	1	0.3609	0.01444	0.8907
0	16	7	evt_21	0	0	0	0.9621
0	16	8	evt_16	1	0.5723	0.02289	0.9104
0	16	9	evt_11	1	0.4254	0.01701	0.9086
0	16	10	evt_5	1	0.2887	0.01155	0.9538
0	16	11	evt_17	0	0	0	0.9739
0	16	12	evt_7	0	0	0	0.964
0	16	13	evt_12	0	0	0	0.9934
0	16	14	evt_8	0	0	0	0.9848
0	16	15	evt_14	1	0.311	0.01244	0.9297
0	16	16	evt_1	1	0.5817	0.02327	0.878
0	16	17	evt_2	0	0	0	0.9714
0	16	18	evt_20	0	0	0	0.9478
0	16	19	evt_3	1	0.3913	0.01565	0.9134
0	16	20	evt_6	1	0.299	0.01196	0.9435
0	16	21	evt_19	0	0	0	0.9188
0	16	22	evt_9	1	0.3699	0.0148	0.9028
0	16	23	evt_10	1	0.2884	0.01154	0.9219
0	17	0	evt_5	0	0	0	0.9586
0	17	1	evt_20	0	0	0	0.9518
0	17	2	evt_18	0	0	0	0.9698
0	17	3	evt_13	0	0	0	0.9288
0	17	4	evt_10	1	0.2591	0.01037	0.9319
0	17	5	evt_4	1	0.2779	0.01111	0.9007
0	17	6	evt_7	0	0	0	0.9544
0	17	7	evt_12	0	0	0	0.9977
0	17	8	evt_23	1	1.324	0.05298	0.7366
0	17	9	evt_1	0	0	0	0.9572
0	17	10	evt_3	1	0.3171	0.01268	0.9287
0	17	11	evt_21	0	0	0	0.9614
0	17	12	evt_17	0	0	0	0.9829
0	17	13	evt_11	1	0.4422	0.01769	0.9128
0	17	14	evt_22	0	0	0	0.9413
0	17	15	evt_6	0	0	0	0.9608
0	17	16	evt_9	1	0.3836	0.01534	0.9227
0	17	17	evt_8	0	0	0	0.9846
0	17	18	evt_2	0	0	0	0.973
0	17	19	evt_19	0	0	0	0.9355
0	17	20	evt_15	0	0	0	0.9653
0	17	21	evt_16	1	0.3035	0.01214	0.9334
0	17	22	evt_0	1	0.6912	0.02765	0.9075
0	17	23	evt_14	0	0	0	0.9443
0	18	0	evt_15	0	0	0	0.9679
0	18	1	evt_2	0	0	0	0.9683
0	18	2	evt_8	0	0	0	0.9789
0	18	3	evt_6	1	0.2601	0.0104	0.949
0	18	4	evt_4	1	0.3598	0.01439	0.9083
0	18	5	evt_1	0	0	0	0.9531
0	18	6	evt_18	0	0	0	0.9701
0	18	7	evt_22	0	0	0	0.9663
0	18	8	evt_0	1	0.6076	0.0243	0.9185
0	18	9	evt_14	0	0	0	0.9551
0	18	10	evt_5	0	0	0	0.9624
0	18	11	evt_23	1	0.2908	0.01163	0.9152
0	18	12	evt_17	0	0	0	0.986
0	18	13	evt_9	1	0.4208	0.01683	0.9266
0	18	14	evt_19	0	0	0	0.9465
0	18	15	evt_21	0	0	0	0.9695
0	18	16	evt_3	0	0	0	0.9441
0	18	17	evt_16	1	0.3738	0.01495	0.9301
0	18	18	evt_12	0	0	0	0.9983
0	18	19	evt_13	1	0.5813	0.02325	0.8246
0	18	20	evt_11	1	0.4019	0.01608	0.9049
0	18	21	evt_10	0	0	0	0.9477
0	18	22	evt_7	0	0	0	0.9787
0	18	23	evt_20	0	0	0	0.9584
0	19	0	evt_0	1	0.2797	0.01119	0.9598
0	19	1	evt_10	0	0	0	0.9681
0	19	2	evt_5	0	0	0	0.9746
0	19	3	evt_11	1	0.3651	0.0146	0.9238
0	19	4	evt_14	0	0	0	0.9584
0	19	5	evt_9	1	0.3654	0.01462	0.9367
0	19	6	evt_19	0	0	0	0.9656
0	19	7	evt_13	0	0	0	0.9433
0	19	8	evt_18	0	0	0	0.9768
0	19	9	evt_12	0	0	0	0.9987
0	19	10	evt_3	1	0.29	0.0116	0.9237
0	19	11	evt_6	0	0	0	0.9833
0	19	12	evt_2	0	0	0	0.9733
0	19	13	evt_8	0	0	0	0.9816
0	19	14	evt_23	1	0.2805	0.01122	0.9188
0	19	15	evt_7	0	0	0	0.9806
0	19	16	evt_22	1	0.2791	0.01116	0.9021
0	19	17	evt_21	0	0	0	0.9412
0	19	18	evt_1	0	0	0	0.9744
0	19	19	evt_16	1	0.3218	0.01287	0.936
0	19	20	evt_4	1	0.2834	0.01134	0.9192
0	19	21	evt_20	0	0	0	0.9752
0	19	22	evt_15	0	0	0	0.983
0	19	23	evt_17	0	0	0	0.9902
0	20	0	evt_17	0	0	0	0.9912
0	20	1	evt_1	0	0	0	0.9782
0	20	2	evt_4	0	0	0	0.9379
0	20	3	evt_5	0	0	0	0.9698
0	20	4	evt_15	0	0	0	0.976
0	20	5	evt_11	0	0	0	0.9292
0	20	6	evt_22	0	0	0	0.9439
0	20	7	evt_23	1	0.3545	0.01418	0.9127
0	20	8	evt_9	1	0.2853	0.01141	0.9413
0	20	9	evt_16	1	0.9185	0.03674	0.8456
0	20	10	evt_14	0	0	0	0.9695
0	20	11	evt_7	0	0	0	0.9862
0	20	12	evt_2	0	0	0	0.9791
0	20	13	evt_6	0	0	0	0.9849
0	20	14	evt_10	0	0	0	0.9807
0	20	15	evt_3	0	0	0	0.9675
0	20	16	evt_19	0	0	0	0.9719
0	20	17	evt_18	0	0	0	0.9772
0	20	18	evt_12	0	0	0	0.9989
0	20	19	evt_8	0	0	0	0.9844
0	20	20	evt_21	0	0	0	0.9538
0	20	21	evt_0	0	0	0	0.9867
0	20	22	evt_13	0	0	0	0.9461
0	20	23	evt_20	0	0	0	0.978
0	21	0	evt_23	1	0.3362	0.01345	0.92
0	21	1	evt_6	0	0	0	0.9736
0	21	2	evt_1	0	0	0	0.9713
0	21	3	evt_7	0	0	0	0.9761
0	21	4	evt_3	1	0.4949	0.0198	0.8558
0	21	5	evt_13	1	0.2721	0.01088	0.9338
0	21	6	evt_9	1	0.4568	0.01827	0.9187
0	21	7	evt_4	1	0.3556	0.01422	0.9211
0	21	8	evt_15	0	0	0	0.9573
0	21	9	evt_17	0	0	0	0.9875
0	21	10	evt_20	1	0.6732	0.02693	0.9019
0	21	11	evt_12	0	0	0	0.9684
0	21	12	evt_0	0	0	0	0.9889
0	21	13	evt_8	0	0	0	0.9865
0	21	14	evt_22	0	0	0	0.9537
0	21	15	evt_10	0	0	0	0.9852
0	21	16	evt_19	0	0	0	0.9774
0	21	17	evt_14	1	0.2746	0.01099	0.9448
0	21	18	evt_18	0	0	0	0.9747
0	21	19	evt_21	0	0	0	0.9618
0	21	20	evt_11	0	0	0	0.9247
0	21	21	evt_5	0	0	0	0.9752
0	21	22	evt_16	0	0	0	0.9232
0	21	23	evt_2	0	0	0	0.9526
0	22	0	evt_4	1	0.305	0.0122	0.9337
0	22	1	evt_2	1	0.5857	0.02343	0.9041
0	22	2	evt_21	0	0	0	0.9677
0	22	3	evt_6	0	0	0	0.9804
0	22	4	evt_7	0	0	0	0.9805
0	22	5	evt_16	1	0.6965	0.02786	0.8989
0	22	6	evt_20	1	0.2777	0.01111	0.9269
0	22	7	evt_0	0	0	0	0.9684
0	22	8	evt_14	0	0	0	0.9686
0	22	9	evt_12	0	0	0	0.9913
0	22	10	evt_8	0	0	0	0.9875
0	22	11	evt_17	0	0	0	0.9872
0	22	12	evt_22	0	0	0	0.9152
0	22	13	evt_1	0	0	0	0.9759
0	22	14	evt_9	1	0.3877	0.01551	0.9339
0	22	15	evt_19	1	0.2567	0.01027	0.8996
0	22	16	evt_10	0	0	0	0.9701
0	22	17	evt_11	0	0	0	0.9352
0	22	18	evt_3	0	0	0	0.9679
0	22	19	evt_5	0	0	0	0.968
0	22	20	evt_23	0	0	0	0.9686
0	22	21	evt_18	0	0	0	0.9784
0	22	22	evt_13	0	0	0	0.9407
0	22	23	evt_15	1	0.2754	0.01102	0.9576
0	23	0	evt_13	0	0	0	0.9435
0	23	1	evt_9	1	0.2912	0.01165	0.9387
0	23	2	evt_14	0	0	0	0.9678
0	23	3	evt_5	0	0	0	0.9792
0	23	4	evt_3	0	0	0	0.9675
0	23	5	evt_19	0	0	0	0.9597
0	23	6	evt_12	0	0	0	0.9924
0	23	7	evt_11	1	0.7625	0.0305	0.8832
0	23	8	evt_8	0	0	0	0.9873
0	23	9	evt_17	0	0	0	0.9872
0	23	10	evt_18	0	0	0	0.9816
0	23	11	evt_23	0	0	0	0.9577
0	23	12	evt_22	0	0	0	0.9314
0	23	13	evt_21	0	0	0	0.9818
0	23	14	evt_10	0	0	0	0.9738
0	23	15	evt_20	1	0.2628	0.01051	0.9316
0	23	16	evt_2	0	0	0	0.974
0	23	17	evt_4	1	0.5356	0.02142	0.9141
0	23	18	evt_6	0	0	0	0.9853
0	23	19	evt_0	0	0	0	0.9895
0	23	20	evt_1	0	0	0	0.9485
0	23	21	evt_7	0	0	0	0.9877
0	23	22	evt_15	1	0.2692	0.01077	0.9596
0	23	23	evt_16	0	0	0	0.9363
0	24	0	evt_9	1	0.3625	0.0145	0.9398
0	24	1	evt_11	0	0	0	0.9483
0	24	2	evt_2	0	0	0	0.9791
0	24	3	evt_8	0	0	0	0.9902
0	24	4	evt_6	0	0	0	0.9873
0	24	5	evt_19	0	0	0	0.9627
0	24	6	evt_18	0	0	0	0.9834
0	24	7	evt_16	0	0	0	0.9567
0	24	8	evt_21	0	0	0	0.9694
0	24	9	evt_10	0	0	0	0.98
0	24	10	evt_0	0	0	0	0.988
0	24	11	evt_22	0	0	0	0.9556
0	24	12	evt_20	0	0	0	0.9698
0	24	13	evt_4	0	0	0	0.9508
0	24	14	evt_12	0	0	0	0.9948
0	24	15	evt_23	0	0	0	0.9742
0	24	16	evt_14	0	0	0	0.9723
0	24	17	evt_17	0	0	0	0.9891
0	24	18	evt_5	0	0	0	0.9514
0	24	19	evt_7	0	0	0	0.9878
0	24	20	evt_1	0	0	0	0.9774
0	24	21	evt_13	1	0.3625	0.0145	0.8919
0	24	22	evt_15	0	0	0	0.9673
0	24	23	evt_3	0	0	0	0.9788
0	25	0	evt_10	0	0	0	0.98
0	25	1	evt_18	0	0	0	0.9868
0	25	2	evt_2	0	0	0	0.9856
0	25	3	evt_8	0	0	0	0.9899
0	25	4	evt_6	0	0	0	0.9778
0	25	5	evt_12	0	0	0	0.9729
0	25	6	evt_19	0	0	0	0.9675
0	25	7	evt_1	0	0	0	0.9763
0	25	8	evt_7	0	0	0	0.9859
0	25	9	evt_17	0	0	0	0.9912
0	25	10	evt_0	0	0	0	0.9858
0	25	11	evt_13	0	0	0	0.9572
0	25	12	evt_21	0	0	0	0.9733
0	25	13	evt_4	1	0.2702	0.01081	0.9368
0	25	14	evt_20	0	0	0	0.9773
0	25	15	evt_9	1	0.3561	0.01424	0.941
0	25	16	evt_5	0	0	0	0.9736
0	25	17	evt_23	0	0	0	0.9429
0	25	18	evt_11	0	0	0	0.9629
0	25	19	evt_15	0	0	0	0.9776
0	25	20	evt_16	0	0	0	0.9654
0	25	21	evt_22	0	0	0	0.9589
0	25	22	evt_3	0	0	0	0.9801
0	25	23	evt_14	0	0	0	0.9743
0	26	0	evt_12	0	0	0	0.9978
0	26	1	evt_9	1	0.3165	0.01266	0.9482
0	26	2	evt_14	0	0	0	0.9756
0	26	3	evt_17	0	0	0	0.9922
0	26	4	evt_23	0	0	0	0.9508
0	26	5	evt_6	0	0	0	0.9858
0	26	6	evt_21	0	0	0	0.9838
0	26	7	evt_8	0	0	0	0.9923
0	26	8	evt_18	0	0	0	0.9888
0	26	9	evt_5	0	0	0	0.9767
0	26	10	evt_4	0	0	0	0.9526
0	26	11	evt_16	0	0	0	0.9714
0	26	12	evt_7	0	0	0	0.9861
0	26	13	evt_13	0	0	0	0.9584
0	26	14	evt_11	0	0	0	0.9697
0	26	15	evt_15	0	0	0	0.9844
0	26	16	evt_1	0	0	0	0.9758
0	26	17	evt_3	0	0	0	0.9806
0	26	18	evt_10	0	0	0	0.9867
0	26	19	evt_0	0	0	0	0.9656
0	26	20	evt_19	0	0	0	0.9773
0	26	21	evt_2	0	0	0	0.9912
0	26	22	evt_22	0	0	0	0.9518
0	26	23	evt_20	1	0.2874	0.01149	0.9501
0	27	0	evt_4	0	0	0	0.9582
0	27	1	evt_9	1	0.2702	0.01081	0.9563
0	27	2	evt_3	0	0	0	0.9847
0	27	3	evt_0	0	0	0	0.9927
0	27	4	evt_20	0	0	0	0.9734
0	27	5	evt_13	0	0	0	0.9667
0	27	6	evt_18	0	0	0	0.9886
0	27	7	evt_2	0	0	0	0.9883
0	27	8	evt_22	0	0	0	0.9542
0	27	9	evt_8	0	0	0	0.9923
0	27	10	evt_11	0	0	0	0.9816
0	27	11	evt_5	0	0	0	0.9851
0	27	12	evt_10	0	0	0	0.9859
0	27	13	evt_17	0	0	0	0.9927
0	27	14	evt_14	0	0	0	0.9779
0	27	15	evt_23	0	0	0	0.9803
0	27	16	evt_15	0	0	0	0.9866
0	27	17	evt_19	0	0	0	0.983
0	27	18	evt_21	1	0.4476	0.01791	0.9385
0	27	19	evt_12	0	0	0	0.9948
0	27	20	evt_16	0	0	0	0.9746
0	27	21	evt_6	0	0	0	0.987
0	27	22	evt_1	0	0	0	0.9841
0	27	23	evt_7	0	0	0	0.9884
0	28	0	evt_15	0	0	0	0.9897
0	28	1	evt_5	0	0	0	0.9857
0	28	2	evt_8	0	0	0	0.9924
0	28	3	evt_10	0	0	0	0.9864
0	28	4	evt_4	0	0	0	0.9352
0	28	5	evt_16	0	0	0	0.9661
0	28	6	evt_0	0	0	0	0.9962
0	28	7	evt_9	0	0	0	0.9727
0	28	8	evt_17	0	0	0	0.9937
0	28	9	evt_18	0	0	0	0.9916
0	28	10	evt_7	0	0	0	0.9899
0	28	11	evt_3	0	0	0	0.9795
0	28	12	evt_6	1	0.2913	0.01165	0.9544
0	28	13	evt_20	0	0	0	0.9708
0	28	14	evt_1	1	1.2	0.04801	0.7627
0	28	15	evt_11	0	0	0	0.9828
0	28	16	evt_13	0	0	0	0.9699
0	28	17	evt_2	0	0	0	0.9908
0	28	18	evt_12	0	0	0	0.9957
0	28	19	evt_23	0	0	0	0.9751
0	28	20	evt_22	0	0	0	0.9625
0	28	21	evt_14	0	0	0	0.9835
0	28	22	evt_19	0	0	0	0.9892
0	28	23	evt_21	1	0.4217	0.01687	0.9409
0	29	0	evt_11	0	0	0	0.9826
0	29	1	evt_4	0	0	0	0.9745
0	29	2	evt_14	0	0	0	0.9849
0	29	3	evt_21	1	0.4035	0.01614	0.9444
0	29	4	evt_1	0	0	0	0.9564
0	29	5	evt_22	0	0	0	0.9685
0	29	6	evt_13	0	0	0	0.9705
0	29	7	evt_23	0	0	0	0.9769
0	29	8	evt_8	0	0	0	0.9914
0	29	9	evt_12	0	0	0	0.9899
0	29	10	evt_7	0	0	0	0.9892
0	29	11	evt_5	0	0	0	0.9779
0	29	12	evt_19	0	0	0	0.9904
0	29	13	evt_6	0	0	0	0.9866
0	29	14	evt_18	0	0	0	0.9928
0	29	15	evt_15	0	0	0	0.9923
0	29	16	evt_3	0	0	0	0.9799
0	29	17	evt_2	0	0	0	0.9928
0	29	18	evt_17	1	0.7199	0.0288	0.8934
0	29	19	evt_9	0	0	0	0.9781
0	29	20	evt_10	0	0	0	0.9864
0	29	21	evt_20	0	0	0	0.9718
0	29	22	evt_0	0	0	0	0.9976
0	29	23	evt_16	0	0	0	0.971
0	30	0	evt_22	0	0	0	0.9756
0	30	1	evt_1	0	0	0	0.9642
0	30	2	evt_4	0	0	0	0.9754
0	30	3	evt_8	0	0	0	0.993
0	30	4	evt_16	0	0	0	0.9736
0	30	5	evt_18	0	0	0	0.9909
0	30	6	evt_11	0	0	0	0.9888
0	30	7	evt_20	0	0	0	0.9548
0	30	8	evt_19	0	0	0	0.992
0	30	9	evt_10	0	0	0	0.96
0	30	10	evt_5	0	0	0	0.9769
0	30	11	evt_23	0	0	0	0.984
0	30	12	evt_15	0	0	0	0.9944
0	30	13	evt_2	0	0	0	0.995
0	30	14	evt_17	0	0	0	0.9893
0	30	15	evt_9	0	0	0	0.9791
0	30	16	evt_6	0	0	0	0.9925
0	30	17	evt_12	0	0	0	0.9975
0	30	18	evt_21	1	0.3265	0.01306	0.9513
0	30	19	evt_7	0	0	0	0.9922
0	30	20	evt_3	0	0	0	0.993
0	30	21	evt_13	0	0	0	0.9732
0	30	22	evt_14	0	0	0	0.9859
0	30	23	evt_0	0	0	0	0.9979
0	31	0	evt_6	1	0.2584	0.01034	0.9603
0	31	1	evt_17	0	0	0	0.9887
0	31	2	evt_9	0	0	0	0.9735
0	31	3	evt_15	0	0	0	0.9905
0	31	4	evt_13	0	0	0	0.977
0	31	5	evt_23	0	0	0	0.9775
0	31	6	evt_8	0	0	0	0.9945
0	31	7	evt_4	0	0	0	0.9796
0	31	8	evt_7	0	0	0	0.9962
0	31	9	evt_10	0	0	0	0.9892
0	31	10	evt_2	0	0	0	0.9969
0	31	11	evt_16	1	0.2756	0.01102	0.9537
0	31	12	evt_1	0	0	0	0.9786
0	31	13	evt_18	0	0	0	0.9913
0	31	14	evt_3	0	0	0	0.9915
0	31	15	evt_22	0	0	0	0.9514
0	31	16	evt_5	0	0	0	0.9827
0	31	17	evt_20	0	0	0	0.9589
0	31	18	evt_21	0	0	0	0.9694
0	31	19	evt_19	0	0	0	0.9921
0	31	20	evt_11	0	0	0	0.9921
0	31	21	evt_14	0	0	0	0.984
0	31	22	evt_0	0	0	0	0.9978
0	31	23	evt_12	0	0	0	0.9961
0	32	0	evt_19	0	0	0	0.9823
0	32	1	evt_11	0	0	0	0.9932
0	32	2	evt_17	0	0	0	0.9889
0	32	3	evt_13	0	0	0	0.9744
0	32	4	evt_5	0	0	0	0.988
0	32	5	evt_0	0	0	0	0.9979
0	32	6	evt_7	0	0	0	0.9971
0	32	7	evt_10	0	0	0	0.9895
0	32	8	evt_16	0	0	0	0.9819
0	32	9	evt_4	0	0	0	0.9804
0	32	10	evt_20	0	0	0	0.9785
0	32	11	evt_6	0	0	0	0.9922
0	32	12	evt_9	0	0	0	0.9806
0	32	13	evt_15	0	0	0	0.988
0	32	14	evt_8	0	0	0	0.9949
0	32	15	evt_1	0	0	0	0.9855
0	32	16	evt_12	0	0	0	0.9934
0	32	17	evt_14	0	0	0	0.9862
0	32	18	evt_18	0	0	0	0.9917
0	32	19	evt_2	0	0	0	0.9918
0	32	20	evt_21	0	0	0	0.9844
0	32	21	evt_23	0	0	0	0.9809
0	32	22	evt_3	0	0	0	0.9851
0	32	23	evt_22	0	0	0	0.9807
0	33	0	evt_8	0	0	0	0.9961
0	33	1	evt_4	0	0	0	0.984
0	33	2	evt_0	1	0.5611	0.02244	0.9279
0	33	3	evt_1	0	0	0	0.9893
0	33	4	evt_22	0	0	0	0.9817
0	33	5	evt_13	0	0	0	0.9767
0	33	6	evt_16	0	0	0	0.9751
0	33	7	evt_21	0	0	0	0.9913
0	33	8	evt_6	0	0	0	0.9883
0	33	9	evt_20	0	0	0	0.9795
0	33	10	evt_9	0	0	0	0.9912
0	33	11	evt_17	0	0	0	0.9724
0	33	12	evt_12	0	0	0	0.9939
0	33	13	evt_15	0	0	0	0.9897
0	33	14	evt_11	0	0	0	0.9949
0	33	15	evt_23	0	0	0	0.9867
0	33	16	evt_10	0	0	0	0.9904
0	33	17	evt_2	0	0	0	0.9931
0	33	18	evt_18	0	0	0	0.9891
0	33	19	evt_14	0	0	0	0.9894
0	33	20	evt_3	0	0	0	0.9875
0	33	21	evt_5	0	0	0	0.9716
0	33	22	evt_7	0	0	0	0.9965
0	33	23	evt_19	0	0	0	0.9954
0	34	0	evt_16	0	0	0	0.9791
0	34	1	evt_7	0	0	0	0.9967
0	34	2	evt_6	0	0	0	0.9782
0	34	3	evt_4	0	0	0	0.9804
0	34	4	evt_1	0	0	0	0.9898
0	34	5	evt_17	0	0	0	0.9931
0	34	6	evt_20	0	0	0	0.984
0	34	7	evt_14	0	0	0	0.9887
0	34	8	evt_13	0	0	0	0.9797
0	34	9	evt_18	0	0	0	0.9937
0	34	10	evt_15	0	0	0	0.995
0	34	11	evt_9	0	0	0	0.9784
0	34	12	evt_2	0	0	0	0.9938
0	34	13	evt_21	0	0	0	0.9926
0	34	14	evt_3	0	0	0	0.9902
0	34	15	evt_11	0	0	0	0.9959
0	34	16	evt_19	0	0	0	0.9957
0	34	17	evt_22	0	0	0	0.9839
0	34	18	evt_8	0	0	0	0.9968
0	34	19	evt_23	0	0	0	0.9853
0	34	20	evt_10	0	0	0	0.9916
0	34	21	evt_5	0	0	0	0.992
0	34	22	evt_12	0	0	0	0.9823
0	34	23	evt_0	0	0	0	0.9819
0	35	0	evt_9	0	0	0	0.9805
0	35	1	evt_10	0	0	0	0.9893
0	35	2	evt_21	0	0	0	0.9941
0	35	3	evt_7	0	0	0	0.998
0	35	4	evt_22	0	0	0	0.9866
0	35	5	evt_14	0	0	0	0.9893
0	35	6	evt_12	0	0	0	0.996
0	35	7	evt_15	0	0	0	0.9904
0	35	8	evt_4	0	0	0	0.9852
0	35	9	evt_19	0	0	0	0.9943
0	35	10	evt_3	0	0	0	0.9902
0	35	11	evt_6	0	0	0	0.9965
0	35	12	evt_11	0	0	0	0.9942
0	35	13	evt_17	0	0	0	0.9942
0	35	14	evt_8	0	0	0	0.9974
0	35	15	evt_5	0	0	0	0.9919
0	35	16	evt_0	0	0	0	0.9907
0	35	17	evt_2	0	0	0	0.9919
0	35	18	evt_13	0	0	0	0.9839
0	35	19	evt_1	0	0	0	0.9931
0	35	20	evt_20	0	0	0	0.9784
0	35	21	evt_23	0	0	0	0.9899
0	35	22	evt_16	0	0	0	0.982
0	35	23	evt_18	0	0	0	0.9941
0	36	0	evt_9	0	0	0	0.9898
0	36	1	evt_3	0	0	0	0.9905
0	36	2	evt_13	0	0	0	0.9862
0	36	3	evt_17	0	0	0	0.9953
0	36	4	evt_0	0	0	0	0.9919
0	36	5	evt_4	0	0	0	0.9882
0	36	6	evt_20	0	0	0	0.984
0	36	7	evt_5	0	0	0	0.9788
0	36	8	evt_10	0	0	0	0.9946
0	36	9	evt_7	0	0	0	0.9982
0	36	10	evt_1	0	0	0	0.9919
0	36	11	evt_21	0	0	0	0.9941
0	36	12	evt_23	0	0	0	0.9859
0	36	13	evt_2	0	0	0	0.997
0	36	14	evt_18	0	0	0	0.9944
0	36	15	evt_19	0	0	0	0.9948
0	36	16	evt_12	0	0	0	0.9962
0	36	17	evt_8	0	0	0	0.9975
0	36	18	evt_15	0	0	0	0.9903
0	36	19	evt_22	0	0	0	0.988
0	36	20	evt_6	0	0	0	0.9973
0	36	21	evt_14	0	0	0	0.9917
0	36	22	evt_11	0	0	0	0.9972
0	36	23	evt_16	0	0	0	0.9906
0	37	0	evt_16	0	0	0	0.9883
0	37	1	evt_0	0	0	0	0.9927
0	37	2	evt_13	0	0	0	0.9881
0	37	3	evt_1	0	0	0	0.9923
0	37	4	evt_4	0	0	0	0.9902
0	37	5	evt_19	0	0	0	0.9955
0	37	6	evt_18	0	0	0	0.9857
0	37	7	evt_14	0	0	0	0.9921
0	37	8	evt_9	0	0	0	0.9913
0	37	9	evt_3	0	0	0	0.9967
0	37	10	evt_2	0	0	0	0.9969
0	37	11	evt_15	0	0	0	0.9915
0	37	12	evt_8	0	0	0	0.9975
0	37	13	evt_6	0	0	0	0.9777
0	37	14	evt_21	0	0	0	0.9946
0	37	15	evt_22	0	0	0	0.9869
0	37	16	evt_23	0	0	0	0.989
0	37	17	evt_7	0	0	0	0.9933
0	37	18	evt_11	0	0	0	0.9963
0	37	19	evt_17	0	0	0	0.9959
0	37	20	evt_5	0	0	0	0.9882
0	37	21	evt_20	0	0	0	0.9889
0	37	22	evt_10	0	0	0	0.9947
0	37	23	evt_12	0	0	0	0.9973
0	38	0	evt_1	0	0	0	0.9927
0	38	1	evt_19	0	0	0	0.997
0	38	2	evt_23	0	0	0	0.9936
0	38	3	evt_12	0	0	0	0.9983
0	38	4	evt_10	0	0	0	0.9951
0	38	5	evt_15	0	0	0	0.992
0	38	6	evt_20	0	0	0	0.9889
0	38	7	evt_7	0	0	0	0.9985
0	38	8	evt_22	0	0	0	0.989
0	38	9	evt_18	0	0	0	0.9946
0	38	10	evt_0	0	0	0	0.9944
0	38	11	evt_8	0	0	0	0.9971
0	38	12	evt_6	0	0	0	0.9976
0	38	13	evt_5	0	0	0	0.9899
0	38	14	evt_3	0	0	0	0.9961
0	38	15	evt_9	0	0	0	0.9949
0	38	16	evt_11	0	0	0	0.9971
0	38	17	evt_13	0	0	0	0.989
0	38	18	evt_2	0	0	0	0.9968
0	38	19	evt_4	0	0	0	0.9903
0	38	20	evt_17	0	0	0	0.9963
0	38	21	evt_14	0	0	0	0.9929
0	38	22	evt_16	0	0	0	0.9926
0	38	23	evt_21	0	0	0	0.9957
1	0	0	evt_16	1	6.848	0.2739	0.1435
1	0	1	evt_12	1	5.058	0.2023	0.3853
1	0	2	evt_8	1	9.914	0.3965	-0.2417
1	0	3	evt_3	1	6.471	0.2589	0.1899
1	0	4	evt_4	1	5.78	0.2312	0.2326
1	0	5	evt_5	1	6.731	0.2692	0.1182
1	0	6	evt_19	1	8.117	0.3247	-0.03995
1	0	7	evt_2	1	4.497	0.1799	0.4042
1	0	8	evt_17	1	9.773	0.3909	-0.2311
1	0	9	evt_7	1	9.081	0.3632	-0.2398
1	0	10	evt_21	1	7.176	0.2871	0.04076
1	0	11	evt_6	1	11.38	0.4551	-0.428
1	0	12	evt_9	1	8.124	0.325	-0.05187
1	0	13	evt_1	1	9.513	0.3805	-0.1896
1	0	14	evt_10	1	7.463	0.2985	0.03613
1	0	15	evt_11	1	5.677	0.2271	0.2078
1	0	16	evt_14	1	9.147	0.3659	-0.1891
1	0	17	evt_22	1	7.44	0.2976	-0.055
1	0	18	evt_20	1	10.52	0.421	-0.444
1	0	19	evt_15	1	4.777	0.1911	0.3836
1	0	20	evt_0	1	7.971	0.3188	-0.03048
1	0	21	evt_13	1	5.25	0.21	0.2806
1	0	22	evt_18	1	9.338	0.3735	-0.2245
1	0	23	evt_23	1	8.147	0.3259	-0.07679
1	1	0	evt_23	1	8.117	0.3247	-0.08137
1	1	1	evt_4	1	4.035	0.1614	0.4581
1	1	2	evt_16	1	4.628	0.1851	0.3449
1	1	3	evt_0	1	6.361	0.2544	0.1515
1	1	4	evt_15	1	3.375	0.135	0.5198
1	1	5	evt_20	1	8.08	0.3232	-0.1185
1	1	6	evt_17	1	7.56	0.3024	-0.04589
1	1	7	evt_19	1	5.507	0.2203	0.2394
1	1	8	evt_12	1	5.125	0.205	0.3076
1	1	9	evt_6	1	10.25	0.4101	-0.4569
1	1	10	evt_21	1	6.243	0.2497	0.1676
1	1	11	evt_5	1	7.586	0.3034	0.002136
1	1	12	evt_7	1	8.919	0.3568	-0.2381
1	1	13	evt_9	1	8.723	0.3489	-0.185
1	1	14	evt_18	1	8.647	0.3459	-0.1875
1	1	15	evt_22	1	8.48	0.3392	-0.2061
1	1	16	evt_13	1	3.849	0.154	0.3785
1	1	17	evt_14	1	7.118	0.2847	-0.0219
1	1	18	evt_3	1	7.236	0.2894	0.04345
1	1	19	evt_10	1	5.873	0.2349	0.1202
1	1	20	evt_1	1	7.789	0.3116	-0.005122
1	1	21	evt_11	1	3.668	0.1467	0.4559
1	1	22	evt_2	1	4.965	0.1986	0.3701
1	1	23	evt_8	1	7.389	0.2956	0.01169
1	2	0	evt_9	1	7.295	0.2918	-0.05919
1	2	1	evt_10	1	4.998	0.1999	0.2679
1	2	2	evt_8	1	6.003	0.2401	0.1832
1	2	3	evt_21	1	7.224	0.2889	0.05959
1	2	4	evt_18	1	4.954	0.1982	0.3305
1	2	5	evt_2	1	5.072	0.2029	0.3193
1	2	6	evt_17	1	6.539	0.2615	0.09371
1	2	7	evt_22	1	8.972	0.3589	-0.1842
1	2	8	evt_5	1	5.592	0.2237	0.197
1	2	9	evt_7	1	3.788	0.1515	0.4613
1	2	10	evt_20	1	7.671	0.3068	-0.06872
1	2	11	evt_4	1	5.906	0.2362	0.2237
1	2	12	evt_15	1	2.921	0.1168	0.537
1	2	13	evt_3	1	4.934	0.1973	0.2431
1	2	14	evt_11	1	3.936	0.1574	0.4296
1	2	15	evt_14	1	4.223	0.1689	0.3874
1	2	16	evt_16	1	3.934	0.1573	0.3664
1	2	17	evt_6	1	5.593	0.2237	0.1586
1	2	18	evt_12	1	4.086	0.1634	0.409
1	2	19	evt_23	1	5.114	0.2046	0.2212
1	2	20	evt_19	1	6.312	0.2525	0.08792
1	2	21	evt_0	1	3.517	0.1407	0.4671
1	2	22	evt_1	1	7.559	0.3024	-0.0348
1	2	23	evt_13	1	4.72	0.1888	0.2797
1	3	0	evt_7	1	4.034	0.1614	0.437
1	3	1	evt_16	1	2.661	0.1064	0.5996
1	3	2	evt_17	1	4.66	0.1864	0.3221
1	3	3	evt_3	1	4.856	0.1942	0.282
1	3	4	evt_2	1	5.403	0.2161	0.2431
1	3	5	evt_10	1	2.844	0.1138	0.5099
1	3	6	evt_11	1	2.924	0.117	0.5553
1	3	7	evt_19	1	6.015	0.2406	0.1806
1	3	8	evt_14	1	4.401	0.1761	0.3848
1	3	9	evt_13	1	3.805	0.1522	0.3931
1	3	10	evt_20	1	5.841	0.2337	0.1459
1	3	11	evt_18	1	2.692	0.1077	0.5933
1	3	12	evt_22	1	7.649	0.306	-0.05623
1	3	13	evt_6	1	3.01	0.1204	0.4373
1	3	14	evt_9	1	3.321	0.1328	0.5037
1	3	15	evt_4	1	3.712	0.1485	0.4416
1	3	16	evt_8	1	7.156	0.2863	0.05712
1	3	17	evt_5	1	4.201	0.168	0.3675
1	3	18	evt_23	1	5.394	0.2158	0.1944
1	3	19	evt_15	1	3.753	0.1501	0.4392
1	3	20	evt_0	1	2.295	0.09182	0.6474
1	3	21	evt_12	1	2.626	0.105	0.5643
1	3	22	evt_1	1	7.559	0.3024	-0.005584
1	3	23	evt_21	1	4.989	0.1996	0.2655
1	4	0	evt_16	1	2.176	0.08702	0.6571
1	4	1	evt_13	1	2.421	0.09683	0.6247
1	4	2	evt_20	1	4.163	0.1665	0.4244
1	4	3	evt_11	1	2.346	0.09385	0.6752
1	4	4	evt_15	1	4.256	0.1702	0.4065
1	4	5	evt_19	1	5.054	0.2021	0.2624
1	4	6	evt_17	1	2.504	0.1002	0.559
1	4	7	evt_6	1	2.992	0.1197	0.4966
1	4	8	evt_7	1	1.724	0.06897	0.7265
1	4	9	evt_10	1	1.789	0.07155	0.6929
1	4	10	evt_1	1	4.972	0.1989	0.2639
1	4	11	evt_18	1	2.536	0.1014	0.6192
1	4	12	evt_2	1	6.11	0.2444	0.171
1	4	13	evt_5	1	3.644	0.1458	0.4613
1	4	14	evt_4	1	6.462	0.2585	0.01108
1	4	15	evt_3	1	4.952	0.1981	0.2638
1	4	16	evt_22	1	5.662	0.2265	0.1048
1	4	17	evt_12	1	1.427	0.05707	0.7586
1	4	18	evt_9	1	6.496	0.2598	0.05309
1	4	19	evt_8	1	5.755	0.2302	0.2175
1	4	20	evt_14	1	5.9	0.236	0.09689
1	4	21	evt_21	1	5.515	0.2206	0.1807
1	4	22	evt_0	1	2.289	0.09156	0.6681
1	4	23	evt_23	1	3.718	0.1487	0.4609
1	5	0	evt_1	1	5.442	0.2177	0.1945
1	5	1	evt_8	1	3.198	0.1279	0.5422
1	5	2	evt_18	1	2.491	0.09963	0.6508
1	5	3	evt_7	1	3.306	0.1323	0.4899
1	5	4	evt_12	1	1.889	0.07555	0.7345
1	5	5	evt_0	1	1.912	0.07647	0.6981
1	5	6	evt_4	1	3.494	0.1397	0.4892
1	5	7	evt_21	1	3.938	0.1575	0.3604
1	5	8	evt_23	1	2.627	0.1051	0.575
1	5	9	evt_5	1	1.126	0.04504	0.8367
1	5	10	evt_10	1	1.757	0.07029	0.6979
1	5	11	evt_20	1	4.298	0.1719	0.3607
1	5	12	evt_2	1	3.385	0.1354	0.4867
1	5	13	evt_11	1	1.404	0.05616	0.7635
1	5	14	evt_14	1	3.596	0.1438	0.4903
1	5	15	evt_22	1	4.484	0.1793	0.3524
1	5	16	evt_3	1	3.235	0.1294	0.4922
1	5	17	evt_15	1	2.13	0.0852	0.6215
1	5	18	evt_6	1	2.916	0.1166	0.481
1	5	19	evt_19	1	2.772	0.1109	0.613
1	5	20	evt_17	1	3.973	0.1589	0.4467
1	5	21	evt_13	1	1.47	0.05878	0.7549
1	5	22	evt_16	1	2.629	0.1052	0.6417
1	5	23	evt_9	1	3.392	0.1357	0.5325
1	6	0	evt_0	1	0.9831	0.03932	0.8072
1	6	1	evt_19	1	2.769	0.1108	0.62
1	6	2	evt_6	1	2.943	0.1177	0.507
1	6	3	evt_14	1	3.142	0.1257	0.5532
1	6	4	evt_2	1	2.83	0.1132	0.5878
1	6	5	evt_16	1	0.5427	0.02171	0.9094
1	6	6	evt_20	1	4.849	0.1939	0.2985
1	6	7	evt_4	1	4.169	0.1668	0.4368
1	6	8	evt_18	1	2.249	0.08996	0.6727
1	6	9	evt_11	1	0.6405	0.02562	0.8533
1	6	10	evt_23	1	2.542	0.1017	0.6472
1	6	11	evt_3	1	2.253	0.09012	0.608
1	6	12	evt_21	1	3.42	0.1368	0.4431
1	6	13	evt_17	1	3.916	0.1566	0.4535
1	6	14	evt_12	1	1.499	0.05995	0.7713
1	6	15	evt_10	1	2.614	0.1046	0.5696
1	6	16	evt_1	1	4.203	0.1681	0.3897
1	6	17	evt_9	1	0.9931	0.03973	0.8071
1	6	18	evt_5	1	0.3908	0.01563	0.9128
1	6	19	evt_15	1	1.925	0.07701	0.6467
1	6	20	evt_22	1	4.26	0.1704	0.4063
1	6	21	evt_13	1	0.9698	0.03879	0.8376
1	6	22	evt_7	1	0.3145	0.01258	0.8811
1	6	23	evt_8	1	1.995	0.07979	0.7055
1	7	0	evt_1	1	3.971	0.1589	0.4255
1	7	1	evt_8	1	1.569	0.06278	0.74
1	7	2	evt_19	1	2.667	0.1067	0.6302
1	7	3	evt_10	1	3.221	0.1288	0.4708
1	7	4	evt_2	1	1.832	0.07326	0.7008
1	7	5	evt_16	1	0.4981	0.01992	0.8999
1	7	6	evt_14	1	3.447	0.1379	0.4523
1	7	7	evt_4	1	2.519	0.1008	0.6501
1	7	8	evt_23	1	2.199	0.08797	0.6705
1	7	9	evt_21	1	1.271	0.05083	0.7861
1	7	10	evt_7	1	0.3971	0.01588	0.931
1	7	11	evt_17	1	2.702	0.1081	0.5616
1	7	12	evt_5	1	0.2667	0.01067	0.9252
1	7	13	evt_0	1	0.8065	0.03226	0.8561
1	7	14	evt_15	1	4.884	0.1954	0.2791
1	7	15	evt_6	1	1.622	0.06489	0.7066
1	7	16	evt_22	1	3.781	0.1513	0.4247
1	7	17	evt_9	1	2.556	0.1022	0.5561
1	7	18	evt_3	1	1.99	0.0796	0.6399
1	7	19	evt_18	1	1.97	0.07879	0.7121
1	7	20	evt_12	1	1.153	0.04612	0.8077
1	7	21	evt_20	1	4.045	0.1618	0.4247
1	7	22	evt_11	1	1.027	0.04108	0.8287
1	7	23	evt_13	1	0.5471	0.02188	0.88
1	8	0	evt_4	1	1.739	0.06956	0.7067
1	8	1	evt_15	1	1.084	0.04336	0.7607
1	8	2	evt_9	1	1.039	0.04155	0.833
1	8	3	evt_2	1	0.522	0.02088	0.87
1	8	4	evt_12	1	1.313	0.05251	0.7949
1	8	5	evt_0	1	0.6455	0.02582	0.883
1	8	6	evt_3	1	1.688	0.06753	0.7269
1	8	7	evt_18	1	1.634	0.06537	0.759
1	8	8	evt_8	1	1.139	0.04554	0.8169
1	8	9	evt_23	1	1.514	0.06058	0.7847
1	8	10	evt_13	1	0.737	0.02948	0.8943
1	8	11	evt_16	1	1.748	0.06992	0.7406
1	8	12	evt_17	1	2.657	0.1063	0.5697
1	8	13	evt_14	1	4.482	0.1793	0.2713
1	8	14	evt_7	1	0.7474	0.0299	0.8725
1	8	15	evt_11	1	0.9379	0.03751	0.8413
1	8	16	evt_21	1	0.7327	0.02931	0.8503
1	8	17	evt_5	1	0.2551	0.01021	0.9289
1	8	18	evt_20	1	3.436	0.1374	0.4951
1	8	19	evt_1	1	1.899	0.07595	0.6482
1	8	20	evt_6	1	1.434	0.05737	0.7688
1	8	21	evt_10	1	1.129	0.04516	0.8164
1	8	22	evt_22	1	3.104	0.1241	0.4732
1	8	23	evt_19	1	1.295	0.05179	0.7425
1	9	0	evt_19	1	1.28	0.05122	0.7504
1	9	1	evt_4	1	0.6744	0.02698	0.8904
1	9	2	evt_10	1	1.276	0.05103	0.7865
1	9	3	evt_9	1	1.016	0.04062	0.8389
1	9	4	evt_12	1	0.9274	0.0371	0.8329
1	9	5	evt_5	0	0	0	0.933
1	9	6	evt_16	0	0	0	0.9412
1	9	7	evt_23	1	1.14	0.04561	0.8267
1	9	8	evt_8	1	1.032	0.04127	0.8407
1	9	9	evt_15	1	1.271	0.05085	0.7887
1	9	10	evt_1	1	0.9292	0.03717	0.7716
1	9	11	evt_0	1	0.6014	0.02405	0.8905
1	9	12	evt_14	1	3.579	0.1432	0.4212
1	9	13	evt_17	1	1.515	0.06061	0.7169
1	9	14	evt_2	1	0.4629	0.01852	0.907
1	9	15	evt_18	1	1.402	0.0561	0.7711
1	9	16	evt_20	1	3.967	0.1587	0.4394
1	9	17	evt_21	1	0.3818	0.01527	0.91
1	9	18	evt_13	1	0.6333	0.02533	0.9096
1	9	19	evt_6	1	4.551	0.1821	0.3313
1	9	20	evt_7	1	0.4901	0.0196	0.9285
1	9	21	evt_11	1	0.3698	0.01479	0.8939
1	9	22	evt_22	1	1.909	0.07635	0.6385
1	9	23	evt_3	1	2.249	0.08997	0.673
1	10	0	evt_6	1	1.165	0.04658	0.7731
1	10	1	evt_18	1	0.8197	0.03279	0.8264
1	10	2	evt_21	1	0.3124	0.01249	0.9129
1	10	3	evt_23	1	1.065	0.04261	0.8435
1	10	4	evt_2	1	0.3529	0.01412	0.9305
1	10	5	evt_22	1	1.216	0.04862	0.7512
1	10	6	evt_14	1	3.275	0.131	0.5045
1	10	7	evt_8	1	0.5562	0.02225	0.878
1	10	8	evt_12	1	2.286	0.09145	0.6669
1	10	9	evt_19	1	1.348	0.05394	0.717
1	10	10	evt_10	1	1.901	0.07602	0.6625
1	10	11	evt_4	1	0.3324	0.0133	0.9281
1	10	12	evt_20	1	1.319	0.05277	0.7871
1	10	13	evt_7	1	0.4398	0.01759	0.9307
1	10	14	evt_13	0	0	0	0.9715
1	10	15	evt_17	1	1.485	0.0594	0.7366
1	10	16	evt_3	1	0.7406	0.02962	0.8247
1	10	17	evt_0	1	0.5338	0.02135	0.9003
1	10	18	evt_15	1	1.13	0.0452	0.8146
1	10	19	evt_11	1	0.3439	0.01375	0.8932
1	10	20	evt_1	1	0.5635	0.02254	0.8221
1	10	21	evt_9	1	0.6434	0.02573	0.8385
1	10	22	evt_5	1	0.5195	0.02078	0.9037
1	10	23	evt_16	0	0	0	0.9706
1	11	0	evt_8	1	1.624	0.06496	0.7559
1	11	1	evt_17	1	1.461	0.05842	0.7469
1	11	2	evt_5	1	0.459	0.01836	0.9102
1	11	3	evt_23	1	0.8704	0.03482	0.8719
1	11	4	evt_12	1	0.4534	0.01813	0.8907
1	11	5	evt_6	1	1.103	0.04411	0.7728
1	11	6	evt_4	1	2.629	0.1052	0.5894
1	11	7	evt_13	0	0	0	0.9666
1	11	8	evt_20	1	0.4471	0.01788	0.8867
1	11	9	evt_7	1	0.258	0.01032	0.9595
1	11	10	evt_1	1	0.531	0.02124	0.8845
1	11	11	evt_15	1	0.6039	0.02416	0.8619
1	11	12	evt_10	1	0.2636	0.01054	0.9265
1	11	13	evt_22	1	0.6649	0.0266	0.8449
1	11	14	evt_18	1	0.4053	0.01621	0.8981
1	11	15	evt_11	0	0	0	0.9186
1	11	16	evt_0	1	0.2961	0.01184	0.9224
1	11	17	evt_21	1	0.2927	0.01171	0.9267
1	11	18	evt_2	0	0	0	0.9541
1	11	19	evt_14	1	2.412	0.0965	0.6151
1	11	20	evt_9	1	1.635	0.06542	0.6837
1	11	21	evt_3	1	1.775	0.07101	0.7072
1	11	22	evt_16	1	0.3662	0.01465	0.9441
1	11	23	evt_19	1	2.895	0.1158	0.5301
1	12	0	evt_19	1	1.105	0.0442	0.8048
1	12	1	evt_23	1	0.536	0.02144	0.892
1	12	2	evt_20	1	0.4258	0.01703	0.894
1	12	3	evt_6	1	1.093	0.04372	0.7775
1	12	4	evt_17	1	1.43	0.0572	0.7635
1	12	5	evt_0	0	0	0	0.9398
1	12	6	evt_5	0	0	0	0.9558
1	12	7	evt_21	1	0.3485	0.01394	0.9414
1	12	8	evt_10	1	0.3122	0.01249	0.9367
1	12	9	evt_14	1	1.321	0.05283	0.7316
1	12	10	evt_2	1	0.28	0.0112	0.9327
1	12	11	evt_4	1	0.2838	0.01135	0.9406
1	12	12	evt_15	1	0.2877	0.01151	0.904
1	12	13	evt_8	1	0.4239	0.01696	0.9233
1	12	14	evt_11	0	0	0	0.944
1	12	15	evt_12	0	0	0	0.9306
1	12	16	evt_16	1	0.2979	0.01192	0.951
1	12	17	evt_22	1	6.182	0.2473	0.1288
1	12	18	evt_13	0	0	0	0.9653
1	12	19	evt_3	0	0	0	0.8624
1	12	20	evt_1	1	2.705	0.1082	0.5725
1	12	21	evt_9	1	0.8958	0.03583	0.8477
1	12	22	evt_7	0	0	0	0.9837
1	12	23	evt_18	1	0.285	0.0114	0.9325
1	13	0	evt_11	0	0	0	0.9328
1	13	1	evt_23	1	0.4629	0.01852	0.9085
1	13	2	evt_7	0	0	0	0.9769
1	13	3	evt_1	1	0.4824	0.0193	0.8852
1	13	4	evt_21	1	0.2866	0.01146	0.9511
1	13	5	evt_8	1	0.3481	0.01392	0.936
1	13	6	evt_6	1	1.374	0.05494	0.7563
1	13	7	evt_20	1	0.3578	0.01431	0.9054
1	13	8	evt_3	1	0.2604	0.01042	0.8867
1	13	9	evt_15	1	0.2814	0.01126	0.9576
1	13	10	evt_22	1	0.3553	0.01421	0.8497
1	13	11	evt_18	0	0	0	0.9638
1	13	12	evt_17	1	1.322	0.05289	0.7643
1	13	13	evt_13	0	0	0	0.9653
1	13	14	evt_9	1	0.8785	0.03514	0.8521
1	13	15	evt_12	0	0	0	0.9394
1	13	16	evt_4	1	0.3004	0.01202	0.9452
1	13	17	evt_0	0	0	0	0.9509
1	13	18	evt_2	0	0	0	0.9726
1	13	19	evt_19	1	0.6872	0.02749	0.8585
1	13	20	evt_5	1	0.2832	0.01133	0.9587
1	13	21	evt_10	0	0	0	0.9444
1	13	22	evt_16	1	0.3132	0.01253	0.9551
1	13	23	evt_14	1	0.7663	0.03065	0.8108
1	14	0	evt_16	1	0.3117	0.01247	0.9551
1	14	1	evt_18	0	0	0	0.969
1	14	2	evt_2	0	0	0	0.974
1	14	3	evt_6	1	0.7448	0.02979	0.7896
1	14	4	evt_14	1	0.6928	0.02771	0.8353
1	14	5	evt_9	1	0.5839	0.02336	0.8653
1	14	6	evt_20	1	0.313	0.01252	0.9045
1	14	7	evt_21	0	0	0	0.9651
1	14	8	evt_1	1	0.4215	0.01686	0.9017
1	14	9	evt_8	0	0	0	0.955
1	14	10	evt_11	1	0.252	0.01008	0.931
1	14	11	evt_19	1	0.6282	0.02513	0.8766
1	14	12	evt_22	1	0.3463	0.01385	0.8537
1	14	13	evt_17	1	1.255	0.05018	0.7772
1	14	14	evt_3	1	1.707	0.06827	0.712
1	14	15	evt_12	0	0	0	0.9503
1	14	16	evt_5	1	0.2669	0.01068	0.9601
1	14	17	evt_0	0	0	0	0.9199
1	14	18	evt_4	1	0.3881	0.01552	0.9403
1	14	19	evt_7	0	0	0	0.97
1	14	20	evt_10	0	0	0	0.9516
1	14	21	evt_23	1	0.3468	0.01387	0.9167
1	14	22	evt_13	0	0	0	0.9727
1	14	23	evt_15	0	0	0	0.9667
1	15	0	evt_5	0	0	0	0.9636
1	15	1	evt_10	0	0	0	0.9563
1	15	2	evt_4	1	0.3569	0.01428	0.9455
1	15	3	evt_16	0	0	0	0.9656
1	15	4	evt_22	1	0.2741	0.01096	0.8873
1	15	5	evt_23	1	0.287	0.01148	0.9233
1	15	6	evt_20	1	0.2774	0.0111	0.9101
1	15	7	evt_17	1	3.542	0.1417	0.465
1	15	8	evt_19	1	0.6002	0.02401	0.8836
1	15	9	evt_6	1	0.9922	0.03969	0.7832
1	15	10	evt_12	0	0	0	0.9591
1	15	11	evt_21	0	0	0	0.9636
1	15	12	evt_7	1	0.6569	0.02628	0.8619
1	15	13	evt_9	1	0.5719	0.02288	0.8763
1	15	14	evt_3	1	0.3033	0.01213	0.8954
1	15	15	evt_14	1	0.5675	0.0227	0.869
1	15	16	evt_2	0	0	0	0.9807
1	15	17	evt_18	0	0	0	0.9757
1	15	18	evt_13	0	0	0	0.9779
1	15	19	evt_15	1	0.3975	0.0159	0.9415
1	15	20	evt_11	0	0	0	0.9518
1	15	21	evt_8	0	0	0	0.9813
1	15	22	evt_1	1	0.3837	0.01535	0.9148
1	15	23	evt_0	0	0	0	0.9637
1	16	0	evt_8	0	0	0	0.9789
1	16	1	evt_22	0	0	0	0.9043
1	16	2	evt_12	0	0	0	0.9619
1	16	3	evt_17	1	1.127	0.04508	0.8062
1	16	4	evt_6	1	0.9804	0.03921	0.7997
1	16	5	evt_16	0	0	0	0.9719
1	16	6	evt_10	0	0	0	0.9566
1	16	7	evt_4	1	0.2909	0.01163	0.9567
1	16	8	evt_13	0	0	0	0.9825
1	16	9	evt_3	1	0.3156	0.01262	0.9166
1	16	10	evt_19	1	0.5679	0.02271	0.8942
1	16	11	evt_15	0	0	0	0.9562
1	16	12	evt_0	0	0	0	0.9679
1	16	13	evt_1	1	0.3706	0.01482	0.9188
1	16	14	evt_21	0	0	0	0.9766
1	16	15	evt_7	0	0	0	0.9807
1	16	16	evt_5	0	0	0	0.9856
1	16	17	evt_11	0	0	0	0.9671
1	16	18	evt_18	0	0	0	0.9765
1	16	19	evt_9	1	0.5439	0.02175	0.8939
1	16	20	evt_2	0	0	0	0.9894
1	16	21	evt_20	1	0.3055	0.01222	0.9141
1	16	22	evt_23	0	0	0	0.9374
1	16	23	evt_14	1	0.5174	0.0207	0.8833
1	17	0	evt_5	0	0	0	0.9853
1	17	1	evt_15	0	0	0	0.9597
1	17	2	evt_21	0	0	0	0.9744
1	17	3	evt_18	0	0	0	0.9769
1	17	4	evt_12	0	0	0	0.964
1	17	5	evt_2	0	0	0	0.993
1	17	6	evt_20	1	0.3066	0.01226	0.9163
1	17	7	evt_17	1	1.046	0.04183	0.8236
1	17	8	evt_3	1	0.3027	0.01211	0.9236
1	17	9	evt_22	1	0.7086	0.02835	0.8867
1	17	10	evt_11	0	0	0	0.9686
1	17	11	evt_4	0	0	0	0.9824
1	17	12	evt_1	1	0.2951	0.0118	0.9383
1	17	13	evt_10	0	0	0	0.9751
1	17	14	evt_9	1	0.5061	0.02024	0.9013
1	17	15	evt_6	1	0.7086	0.02834	0.8227
1	17	16	evt_19	1	0.5821	0.02328	0.894
1	17	17	evt_13	0	0	0	0.986
1	17	18	evt_7	0	0	0	0.9765
1	17	19	evt_23	0	0	0	0.9376
1	17	20	evt_14	1	0.2516	0.01006	0.9059
1	17	21	evt_16	0	0	0	0.9792
1	17	22	evt_0	0	0	0	0.9686
1	17	23	evt_8	0	0	0	0.9501
1	18	0	evt_3	0	0	0	0.9447
1	18	1	evt_18	0	0	0	0.9807
1	18	2	evt_15	0	0	0	0.9807
1	18	3	evt_9	1	0.4177	0.01671	0.9104
1	18	4	evt_7	0	0	0	0.9741
1	18	5	evt_4	0	0	0	0.9848
1	18	6	evt_19	1	0.3376	0.0135	0.9173
1	18	7	evt_20	1	0.3035	0.01214	0.9178
1	18	8	evt_13	0	0	0	0.9749
1	18	9	evt_6	1	0.7076	0.02831	0.8323
1	18	10	evt_11	0	0	0	0.965
1	18	11	evt_12	0	0	0	0.9513
1	18	12	evt_5	0	0	0	0.9758
1	18	13	evt_14	0	0	0	0.9161
1	18	14	evt_17	1	0.9858	0.03943	0.8353
1	18	15	evt_1	1	0.2737	0.01095	0.9434
1	18	16	evt_23	0	0	0	0.9294
1	18	17	evt_22	1	0.6672	0.02669	0.8918
1	18	18	evt_8	0	0	0	0.9465
1	18	19	evt_10	0	0	0	0.9697
1	18	20	evt_16	0	0	0	0.9684
1	18	21	evt_2	0	0	0	0.966
1	18	22	evt_0	1	0.2618	0.01047	0.9618
1	18	23	evt_21	1	0.2634	0.01053	0.9437
1	19	0	evt_6	1	0.6987	0.02795	0.841
1	19	1	evt_9	1	0.4255	0.01702	0.9097
1	19	2	evt_23	0	0	0	0.9368
1	19	3	evt_10	0	0	0	0.9754
1	19	4	evt_14	1	0.3024	0.0121	0.9021
1	19	5	evt_21	1	0.3464	0.01386	0.927
1	19	6	evt_8	0	0	0	0.971
1	19	7	evt_12	0	0	0	0.9529
1	19	8	evt_11	0	0	0	0.9682
1	19	9	evt_19	1	0.4943	0.01977	0.894
1	19	10	evt_0	0	0	0	0.9573
1	19	11	evt_18	0	0	0	0.9603
1	19	12	evt_17	1	0.9695	0.03878	0.8406
1	19	13	evt_7	1	0.4339	0.01736	0.9288
1	19	14	evt_22	0	0	0	0.9222
1	19	15	evt_4	0	0	0	0.9807
1	19	16	evt_3	1	1.945	0.07781	0.7231
1	19	17	evt_16	0	0	0	0.9744
1	19	18	evt_20	1	0.2666	0.01066	0.9301
1	19	19	evt_2	0	0	0	0.9747
1	19	20	evt_5	1	0.3454	0.01382	0.9493
1	19	21	evt_1	0	0	0	0.9566
1	19	22	evt_15	1	0.4031	0.01613	0.9419
1	19	23	evt_13	0	0	0	0.9753
1	20	0	evt_3	0	0	0	0.9611
1	20	1	evt_6	1	0.6762	0.02705	0.862
1	20	2	evt_14	1	1.03	0.0412	0.7333
1	20	3	evt_19	1	0.4509	0.01804	0.9315
1	20	4	evt_17	1	0.8442	0.03377	0.86
1	20	5	evt_11	0	0	0	0.9722
1	20	6	evt_0	0	0	0	0.9607
1	20	7	evt_12	0	0	0	0.9579
1	20	8	evt_2	0	0	0	0.9745
1	20	9	evt_15	0	0	0	0.972
1	20	10	evt_18	0	0	0	0.9645
1	20	11	evt_1	0	0	0	0.9656
1	20	12	evt_21	1	0.3128	0.01251	0.9315
1	20	13	evt_10	0	0	0	0.9818
1	20	14	evt_5	1	0.3364	0.01345	0.9515
1	20	15	evt_13	0	0	0	0.9762
1	20	16	evt_9	1	0.3258	0.01303	0.9235
1	20	17	evt_7	0	0	0	0.9715
1	20	18	evt_8	0	0	0	0.9837
1	20	19	evt_16	1	1.359	0.05437	0.7885
1	20	20	evt_22	1	0.7098	0.02839	0.8707
1	20	21	evt_4	0	0	0	0.9791
1	20	22	evt_20	0	0	0	0.9382
1	20	23	evt_23	0	0	0	0.948
1	21	0	evt_6	1	0.6586	0.02635	0.8699
1	21	1	evt_3	0	0	0	0.9576
1	21	2	evt_19	1	0.4072	0.01629	0.9386
1	21	3	evt_23	0	0	0	0.9498
1	21	4	evt_17	1	0.7512	0.03005	0.8761
1	21	5	evt_16	0	0	0	0.9811
1	21	6	evt_22	0	0	0	0.9591
1	21	7	evt_4	0	0	0	0.9715
1	21	8	evt_10	0	0	0	0.9833
1	21	9	evt_8	0	0	0	0.9799
1	21	10	evt_1	0	0	0	0.9684
1	21	11	evt_12	0	0	0	0.9652
1	21	12	evt_9	1	0.3566	0.01426	0.905
1	21	13	evt_15	0	0	0	0.9745
1	21	14	evt_14	1	0.3147	0.01259	0.9038
1	21	15	evt_0	0	0	0	0.9735
1	21	16	evt_18	0	0	0	0.9717
1	21	17	evt_11	0	0	0	0.9766
1	21	18	evt_7	0	0	0	0.9863
1	21	19	evt_21	0	0	0	0.9626
1	21	20	evt_13	0	0	0	0.9833
1	21	21	evt_5	0	0	0	0.967
1	21	22	evt_20	0	0	0	0.9478
1	21	23	evt_2	0	0	0	0.9899
1	22	0	evt_7	0	0	0	0.9863
1	22	1	evt_21	0	0	0	0.9763
1	22	2	evt_15	0	0	0	0.9783
1	22	3	evt_1	0	0	0	0.9718
1	22	4	evt_20	0	0	0	0.9508
1	22	5	evt_2	0	0	0	0.9945
1	22	6	evt_11	0	0	0	0.9799
1	22	7	evt_0	0	0	0	0.9884
1	22	8	evt_3	0	0	0	0.9685
1	22	9	evt_8	0	0	0	0.9782
1	22	10	evt_5	1	0.3298	0.01319	0.956
1	22	11	evt_14	1	0.4011	0.01604	0.8923
1	22	12	evt_17	1	0.6591	0.02637	0.8915
1	22	13	evt_19	1	0.3406	0.01362	0.9471
1	22	14	evt_13	0	0	0	0.9872
1	22	15	evt_4	0	0	0	0.9738
1	22	16	evt_6	1	0.6492	0.02597	0.8652
1	22	17	evt_9	0	0	0	0.9574
1	22	18	evt_12	0	0	0	0.9662
1	22	19	evt_18	0	0	0	0.9816
1	22	20	evt_16	0	0	0	0.9843
1	22	21	evt_10	0	0	0	0.973
1	22	22	evt_22	0	0	0	0.9464
1	22	23	evt_23	0	0	0	0.956
1	23	0	evt_21	0	0	0	0.9783
1	23	1	evt_3	0	0	0	0.9701
1	23	2	evt_10	0	0	0	0.9766
1	23	3	evt_11	0	0	0	0.981
1	23	4	evt_20	0	0	0	0.9598
1	23	5	evt_1	0	0	0	0.9753
1	23	6	evt_13	0	0	0	0.9918
1	23	7	evt_18	0	0	0	0.9876
1	23	8	evt_19	1	0.2572	0.01029	0.9557
1	23	9	evt_0	1	0.2535	0.01014	0.9314
1	23	10	evt_2	0	0	0	0.9935
1	23	11	evt_4	0	0	0	0.989
1	23	12	evt_14	1	0.3947	0.01579	0.8939
1	23	13	evt_9	0	0	0	0.9632
1	23	14	evt_16	0	0	0	0.9864
1	23	15	evt_5	1	0.3215	0.01286	0.9574
1	23	16	evt_17	1	0.252	0.01008	0.9
1	23	17	evt_12	0	0	0	0.9669
1	23	18	evt_15	0	0	0	0.9834
1	23	19	evt_22	0	0	0	0.9467
1	23	20	evt_8	0	0	0	0.9806
1	23	21	evt_6	1	0.6469	0.02587	0.859
1	23	22	evt_7	0	0	0	0.9907
1	23	23	evt_23	0	0	0	0.9626
1	24	0	evt_6	1	0.6377	0.02551	0.8627
1	24	1	evt_2	0	0	0	0.9941
1	24	2	evt_10	0	0	0	0.9862
1	24	3	evt_18	0	0	0	0.9911
1	24	4	evt_21	0	0	0	0.9825
1	24	5	evt_11	0	0	0	0.9838
1	24	6	evt_16	0	0	0	0.9817
1	24	7	evt_14	1	0.3079	0.01232	0.9166
1	24	8	evt_3	0	0	0	0.9755
1	24	9	evt_0	0	0	0	0.9623
1	24	10	evt_1	0	0	0	0.9754
1	24	11	evt_19	0	0	0	0.961
1	24	12	evt_7	0	0	0	0.992
1	24	13	evt_22	0	0	0	0.952
1	24	14	evt_13	0	0	0	0.9935
1	24	15	evt_8	0	0	0	0.9842
1	24	16	evt_23	0	0	0	0.9653
1	24	17	evt_12	0	0	0	0.9704
1	24	18	evt_17	1	0.4647	0.01859	0.8952
1	24	19	evt_4	0	0	0	0.989
1	24	20	evt_20	0	0	0	0.9703
1	24	21	evt_5	0	0	0	0.9689
1	24	22	evt_9	0	0	0	0.9662
1	24	23	evt_15	0	0	0	0.9865
1	25	0	evt_6	1	0.5792	0.02317	0.8674
1	25	1	evt_17	1	0.2604	0.01042	0.9411
1	25	2	evt_9	0	0	0	0.9679
1	25	3	evt_8	0	0	0	0.9893
1	25	4	evt_13	0	0	0	0.9945
1	25	5	evt_0	0	0	0	0.9619
1	25	6	evt_22	0	0	0	0.9633
1	25	7	evt_23	0	0	0	0.9703
1	25	8	evt_7	0	0	0	0.9927
1	25	9	evt_5	0	0	0	0.981
1	25	10	evt_19	0	0	0	0.9642
1	25	11	evt_4	0	0	0	0.9904
1	25	12	evt_12	0	0	0	0.9755
1	25	13	evt_1	0	0	0	0.9765
1	25	14	evt_11	0	0	0	0.9845
1	25	15	evt_21	0	0	0	0.9785
1	25	16	evt_10	0	0	0	0.9832
1	25	17	evt_16	0	0	0	0.9938
1	25	18	evt_15	0	0	0	0.9895
1	25	19	evt_2	0	0	0	0.9937
1	25	20	evt_14	1	0.5555	0.02222	0.8766
1	25	21	evt_3	0	0	0	0.9814
1	25	22	evt_20	0	0	0	0.9772
1	25	23	evt_18	0	0	0	0.9954
1	26	0	evt_23	0	0	0	0.9719
1	26	1	evt_3	0	0	0	0.9831
1	26	2	evt_15	0	0	0	0.9929
1	26	3	evt_12	0	0	0	0.9809
1	26	4	evt_13	0	0	0	0.9954
1	26	5	evt_21	0	0	0	0.984
1	26	6	evt_10	0	0	0	0.9842
1	26	7	evt_11	0	0	0	0.9852
1	26	8	evt_6	1	2.551	0.1021	0.5686
1	26	9	evt_18	0	0	0	0.996
1	26	10	evt_20	0	0	0	0.9824
1	26	11	evt_16	0	0	0	0.9811
1	26	12	evt_0	0	0	0	0.9674
1	26	13	evt_14	0	0	0	0.9338
1	26	14	evt_17	1	0.3827	0.01531	0.9274
1	26	15	evt_2	0	0	0	0.9964
1	26	16	evt_7	0	0	0	0.9933
1	26	17	evt_1	0	0	0	0.9787
1	26	18	evt_5	0	0	0	0.9849
1	26	19	evt_19	0	0	0	0.968
1	26	20	evt_8	0	0	0	0.9878
1	26	21	evt_22	0	0	0	0.9717
1	26	22	evt_4	0	0	0	0.9919
1	26	23	evt_9	0	0	0	0.974
1	27	0	evt_23	0	0	0	0.9742
1	27	1	evt_0	0	0	0	0.9772
1	27	2	evt_12	0	0	0	0.9828
1	27	3	evt_6	1	0.4015	0.01606	0.8924
1	27	4	evt_10	0	0	0	0.9847
1	27	5	evt_9	0	0	0	0.9732
1	27	6	evt_13	0	0	0	0.9962
1	27	7	evt_11	0	0	0	0.9858
1	27	8	evt_17	1	0.299	0.01196	0.9413
1	27	9	evt_15	0	0	0	0.9955
1	27	10	evt_2	0	0	0	0.9965
1	27	11	evt_8	0	0	0	0.9905
1	27	12	evt_4	0	0	0	0.9919
1	27	13	evt_16	0	0	0	0.9944
1	27	14	evt_21	0	0	0	0.9904
1	27	15	evt_1	0	0	0	0.98
1	27	16	evt_19	0	0	0	0.9708
1	27	17	evt_7	0	0	0	0.9944
1	27	18	evt_20	0	0	0	0.9841
1	27	19	evt_14	0	0	0	0.9241
1	27	20	evt_5	0	0	0	0.9853
1	27	21	evt_18	0	0	0	0.9962
1	27	22	evt_3	0	0	0	0.9879
1	27	23	evt_22	0	0	0	0.9726
1	28	0	evt_1	0	0	0	0.9823
1	28	1	evt_22	0	0	0	0.9776
1	28	2	evt_0	0	0	0	0.9857
1	28	3	evt_14	0	0	0	0.9384
1	28	4	evt_2	0	0	0	0.9968
1	28	5	evt_10	0	0	0	0.9791
1	28	6	evt_11	0	0	0	0.9853
1	28	7	evt_17	0	0	0	0.9506
1	28	8	evt_12	0	0	0	0.9852
1	28	9	evt_6	1	0.2999	0.01199	0.8946
1	28	10	evt_19	0	0	0	0.9734
1	28	11	evt_20	0	0	0	0.9863
1	28	12	evt_13	0	0	0	0.9971
1	28	13	evt_21	0	0	0	0.9897
1	28	14	evt_4	0	0	0	0.993
1	28	15	evt_7	0	0	0	0.9944
1	28	16	evt_9	0	0	0	0.9736
1	28	17	evt_5	0	0	0	0.9863
1	28	18	evt_15	0	0	0	0.9964
1	28	19	evt_23	0	0	0	0.9808
1	28	20	evt_8	0	0	0	0.9908
1	28	21	evt_3	0	0	0	0.9892
1	28	22	evt_16	0	0	0	0.9856
1	28	23	evt_18	0	0	0	0.9965
1	29	0	evt_12	0	0	0	0.9865
1	29	1	evt_15	0	0	0	0.9969
1	29	2	evt_6	1	0.2931	0.01173	0.9019
1	29	3	evt_4	0	0	0	0.994
1	29	4	evt_2	0	0	0	0.9982
1	29	5	evt_5	0	0	0	0.988
1	29	6	evt_21	0	0	0	0.9895
1	29	7	evt_1	0	0	0	0.9804
1	29	8	evt_16	0	0	0	0.9801
1	29	9	evt_20	0	0	0	0.9848
1	29	10	evt_22	0	0	0	0.9742
1	29	11	evt_8	0	0	0	0.9939
1	29	12	evt_0	0	0	0	0.9901
1	29	13	evt_14	0	0	0	0.9568
1	29	14	evt_3	0	0	0	0.9895
1	29	15	evt_23	0	0	0	0.9829
1	29	16	evt_11	0	0	0	0.9852
1	29	17	evt_7	0	0	0	0.9943
1	29	18	evt_10	0	0	0	0.9845
1	29	19	evt_19	0	0	0	0.974
1	29	20	evt_13	0	0	0	0.9967
1	29	21	evt_17	0	0	0	0.9623
1	29	22	evt_18	0	0	0	0.9959
1	29	23	evt_9	0	0	0	0.978
1	30	0	evt_6	1	0.2556	0.01022	0.9203
1	30	1	evt_11	0	0	0	0.9858
1	30	2	evt_17	0	0	0	0.9665
1	30	3	evt_23	0	0	0	0.9824
1	30	4	evt_14	0	0	0	0.9607
1	30	5	evt_18	0	0	0	0.9959
1	30	6	evt_13	0	0	0	0.9963
1	30	7	evt_16	0	0	0	0.9836
1	30	8	evt_20	0	0	0	0.9859
1	30	9	evt_15	0	0	0	0.9935
1	30	10	evt_0	0	0	0	0.9933
1	30	11	evt_2	0	0	0	0.9985
1	30	12	evt_12	0	0	0	0.9888
1	30	13	evt_19	0	0	0	0.9771
1	30	14	evt_7	0	0	0	0.9927
1	30	15	evt_3	0	0	0	0.9881
1	30	16	evt_21	0	0	0	0.9926
1	30	17	evt_5	0	0	0	0.9899
1	30	18	evt_9	0	0	0	0.9814
1	30	19	evt_22	0	0	0	0.9763
1	30	20	evt_10	0	0	0	0.9879
1	30	21	evt_8	0	0	0	0.9928
1	30	22	evt_4	0	0	0	0.9949
1	30	23	evt_1	0	0	0	0.9849
1	31	0	evt_17	0	0	0	0.9756
1	31	1	evt_16	0	0	0	0.9785
1	31	2	evt_4	0	0	0	0.9957
1	31	3	evt_3	0	0	0	0.9906
1	31	4	evt_19	0	0	0	0.9819
1	31	5	evt_11	0	0	0	0.9874
1	31	6	evt_1	0	0	0	0.9811
1	31	7	evt_15	0	0	0	0.9949
1	31	8	evt_6	1	0.2503	0.01001	0.9265
1	31	9	evt_14	0	0	0	0.967
1	31	10	evt_13	0	0	0	0.9966
1	31	11	evt_20	0	0	0	0.9863
1	31	12	evt_21	0	0	0	0.994
1	31	13	evt_8	0	0	0	0.9945
1	31	14	evt_5	0	0	0	0.9919
1	31	15	evt_10	0	0	0	0.9879
1	31	16	evt_23	0	0	0	0.9855
1	31	17	evt_9	0	0	0	0.9874
1	31	18	evt_2	0	0	0	0.9986
1	31	19	evt_7	0	0	0	0.9907
1	31	20	evt_12	0	0	0	0.99
1	31	21	evt_22	0	0	0	0.9771
1	31	22	evt_0	0	0	0	0.9944
1	31	23	evt_18	0	0	0	0.9973
1	32	0	evt_0	0	0	0	0.9938
1	32	1	evt_13	0	0	0	0.9971
1	32	2	evt_19	0	0	0	0.9843
1	32	3	evt_2	0	0	0	0.9986
1	32	4	evt_4	0	0	0	0.9966
1	32	5	evt_6	0	0	0	0.9428
1	32	6	evt_10	0	0	0	0.9909
1	32	7	evt_11	0	0	0	0.9877
1	32	8	evt_21	0	0	0	0.9935
1	32	9	evt_1	0	0	0	0.9823
1	32	10	evt_9	0	0	0	0.9901
1	32	11	evt_23	0	0	0	0.9898
1	32	12	evt_5	0	0	0	0.9925
1	32	13	evt_17	0	0	0	0.9843
1	32	14	evt_16	0	0	0	0.9862
1	32	15	evt_14	0	0	0	0.9761
1	32	16	evt_8	0	0	0	0.9955
1	32	17	evt_15	0	0	0	0.9972
1	32	18	evt_3	0	0	0	0.9899
1	32	19	evt_22	0	0	0	0.9798
1	32	20	evt_18	0	0	0	0.9976
1	32	21	evt_7	0	0	0	0.9899
1	32	22	evt_20	0	0	0	0.9863
1	32	23	evt_12	0	0	0	0.9909
1	33	0	evt_12	0	0	0	0.9912
1	33	1	evt_18	0	0	0	0.9976
1	33	2	evt_10	0	0	0	0.9908
1	33	3	evt_5	0	0	0	0.9931
1	33	4	evt_7	0	0	0	0.9898
1	33	5	evt_20	0	0	0	0.9759
1	33	6	evt_17	0	0	0	0.9885
1	33	7	evt_11	0	0	0	0.9884
1	33	8	evt_16	0	0	0	0.991
1	33	9	evt_23	0	0	0	0.9908
1	33	10	evt_6	0	0	0	0.9503
1	33	11	evt_2	0	0	0	0.9974
1	33	12	evt_4	0	0	0	0.9969
1	33	13	evt_19	0	0	0	0.9855
1	33	14	evt_14	0	0	0	0.9769
1	33	15	evt_9	0	0	0	0.9903
1	33	16	evt_1	0	0	0	0.9871
1	33	17	evt_8	0	0	0	0.9964
1	33	18	evt_21	0	0	0	0.9892
1	33	19	evt_22	0	0	0	0.9823
1	33	20	evt_3	0	0	0	0.9905
1	33	21	evt_0	0	0	0	0.9943
1	33	22	evt_13	0	0	0	0.9978
1	33	23	evt_15	0	0	0	0.9973
1	34	0	evt_2	0	0	0	0.9976
1	34	1	evt_0	0	0	0	0.9946
1	34	2	evt_22	0	0	0	0.9846
1	34	3	evt_14	0	0	0	0.9823
1	34	4	evt_23	0	0	0	0.986
1	34	5	evt_9	0	0	0	0.9905
1	34	6	evt_13	0	0	0	0.9981
1	34	7	evt_3	0	0	0	0.9923
1	34	8	evt_11	0	0	0	0.9893
1	34	9	evt_21	0	0	0	0.9898
1	34	10	evt_15	0	0	0	0.9971
1	34	11	evt_18	0	0	0	0.9977
1	34	12	evt_8	0	0	0	0.9963
1	34	13	evt_6	0	0	0	0.9559
1	34	14	evt_7	0	0	0	0.9914
1	34	15	evt_5	0	0	0	0.9931
1	34	16	evt_19	0	0	0	0.987
1	34	17	evt_12	0	0	0	0.9926
1	34	18	evt_10	0	0	0	0.9842
1	34	19	evt_17	0	0	0	0.9884
1	34	20	evt_16	0	0	0	0.9959
1	34	21	evt_20	0	0	0	0.9788
1	34	22	evt_1	0	0	0	0.9814
1	34	23	evt_4	0	0	0	0.9979
1	35	0	evt_16	0	0	0	0.9942
1	35	1	evt_20	0	0	0	0.9815
1	35	2	evt_7	0	0	0	0.9954
1	35	3	evt_1	0	0	0	0.9822
1	35	4	evt_12	0	0	0	0.9933
1	35	5	evt_17	0	0	0	0.9889
1	35	6	evt_15	0	0	0	0.9975
1	35	7	evt_22	0	0	0	0.9873
1	35	8	evt_11	0	0	0	0.991
1	35	9	evt_0	0	0	0	0.9948
1	35	10	evt_4	0	0	0	0.998
1	35	11	evt_23	0	0	0	0.9849
1	35	12	evt_6	0	0	0	0.9342
1	35	13	evt_10	0	0	0	0.9908
1	35	14	evt_3	0	0	0	0.9931
1	35	15	evt_18	0	0	0	0.9977
1	35	16	evt_21	0	0	0	0.9937
1	35	17	evt_8	0	0	0	0.9972
1	35	18	evt_9	0	0	0	0.9908
1	35	19	evt_2	0	0	0	0.9968
1	35	20	evt_14	0	0	0	0.975
1	35	21	evt_13	0	0	0	0.9979
1	35	22	evt_5	0	0	0	0.9935
1	35	23	evt_19	0	0	0	0.9871
1	36	0	evt_7	0	0	0	0.9967
1	36	1	evt_2	0	0	0	0.9984
1	36	2	evt_22	0	0	0	0.9893
1	36	3	evt_21	0	0	0	0.9941
1	36	4	evt_19	0	0	0	0.9884
1	36	5	evt_8	0	0	0	0.9975
1	36	6	evt_18	0	0	0	0.9978
1	36	7	evt_11	0	0	0	0.9922
1	36	8	evt_12	0	0	0	0.9945
1	36	9	evt_5	0	0	0	0.9939
1	36	10	evt_10	0	0	0	0.9937
1	36	11	evt_16	0	0	0	0.9935
1	36	12	evt_4	0	0	0	0.9983
1	36	13	evt_17	0	0	0	0.99
1	36	14	evt_3	0	0	0	0.991
1	36	15	evt_23	0	0	0	0.9869
1	36	16	evt_20	0	0	0	0.9888
1	36	17	evt_0	0	0	0	0.9962
1	36	18	evt_14	0	0	0	0.9789
1	36	19	evt_15	0	0	0	0.9968
1	36	20	evt_9	0	0	0	0.9931
1	36	21	evt_13	0	0	0	0.9931
1	36	22	evt_1	0	0	0	0.9836
1	36	23	evt_6	1	0.3285	0.01314	0.9396
1	37	0	evt_15	0	0	0	0.9971
1	37	1	evt_6	1	0.2702	0.01081	0.9481
1	37	2	evt_23	0	0	0	0.992
1	37	3	evt_19	0	0	0	0.9884
1	37	4	evt_11	0	0	0	0.9934
1	37	5	evt_12	0	0	0	0.9946
1	37	6	evt_17	0	0	0	0.9913
1	37	7	evt_0	0	0	0	0.9964
1	37	8	evt_21	0	0	0	0.9949
1	37	9	evt_10	0	0	0	0.9937
1	37	10	evt_16	0	0	0	0.9957
1	37	11	evt_18	0	0	0	0.998
1	37	12	evt_1	0	0	0	0.9843
1	37	13	evt_20	0	0	0	0.9855
1	37	14	evt_7	0	0	0	0.9972
1	37	15	evt_14	0	0	0	0.9838
1	37	16	evt_3	0	0	0	0.9906
1	37	17	evt_8	0	0	0	0.9977
1	37	18	evt_4	0	0	0	0.9985
1	37	19	evt_22	0	0	0	0.9835
1	37	20	evt_9	0	0	0	0.9869
1	37	21	evt_13	0	0	0	0.994
1	37	22	evt_5	0	0	0	0.9944
1	37	23	evt_2	0	0	0	0.9985
1	38	0	evt_4	0	0	0	0.9986
1	38	1	evt_12	0	0	0	0.9952
1	38	2	evt_20	0	0	0	0.9887
1	38	3	evt_22	0	0	0	0.9933
1	38	4	evt_11	0	0	0	0.9943
1	38	5	evt_0	0	0	0	0.9967
1	38	6	evt_10	0	0	0	0.9945
1	38	7	evt_19	0	0	0	0.989
1	38	8	evt_3	0	0	0	0.9891
1	38	9	evt_15	0	0	0	0.9971
1	38	10	evt_21	0	0	0	0.9957
1	38	11	evt_2	0	0	0	0.9985
1	38	12	evt_1	0	0	0	0.9908
1	38	13	evt_5	0	0	0	0.9945
1	38	14	evt_8	0	0	0	0.9977
1	38	15	evt_18	0	0	0	0.998
1	38	16	evt_6	0	0	0	0.9441
1	38	17	evt_7	0	0	0	0.9955
1	38	18	evt_14	0	0	0	0.9833
1	38	19	evt_16	0	0	0	0.994
1	38	20	evt_9	0	0	0	0.9882
1	38	21	evt_23	0	0	0	0.9927
1	38	22	evt_17	0	0	0	0.992
1	38	23	evt_13	0	0	0	0.996
1	39	0	evt_9	0	0	0	0.9915
1	39	1	evt_11	0	0	0	0.9946
1	39	2	evt_16	0	0	0	0.9975
1	39	3	evt_3	0	0	0	0.9903
1	39	4	evt_5	0	0	0	0.9956
1	39	5	evt_0	0	0	0	0.9973
1	39	6	evt_15	0	0	0	0.9968
1	39	7	evt_6	0	0	0	0.9538
1	39	8	evt_23	0	0	0	0.9889
1	39	9	evt_22	0	0	0	0.9919
1	39	10	evt_1	0	0	0	0.9848
1	39	11	evt_7	0	0	0	0.9953
1	39	12	evt_10	0	0	0	0.9858
1	39	13	evt_2	0	0	0	0.9985
1	39	14	evt_17	0	0	0	0.9924
1	39	15	evt_13	0	0	0	0.9966
1	39	16	evt_12	0	0	0	0.9958
1	39	17	evt_21	0	0	0	0.9953
1	39	18	evt_19	0	0	0	0.9895
1	39	19	evt_8	0	0	0	0.9977
1	39	20	evt_20	0	0	0	0.9907
1	39	21	evt_18	0	0	0	0.997
1	39	22	evt_14	0	0	0	0.9868
1	39	23	evt_4	0	0	0	0.9987
1	40	0	evt_9	0	0	0	0.9933
1	40	1	evt_4	0	0	0	0.9987
1	40	2	evt_15	0	0	0	0.9976
1	40	3	evt_7	0	0	0	0.9956
1	40	4	evt_14	0	0	0	0.9814
1	40	5	evt_21	0	0	0	0.9948
1	40	6	evt_12	0	0	0	0.996
1	40	7	evt_1	0	0	0	0.9847
1	40	8	evt_3	0	0	0	0.9902
1	40	9	evt_18	0	0	0	0.9968
1	40	10	evt_17	0	0	0	0.9941
1	40	11	evt_23	0	0	0	0.9901
1	40	12	evt_19	0	0	0	0.9899
1	40	13	evt_11	0	0	0	0.9954
1	40	14	evt_5	0	0	0	0.9962
1	40	15	evt_6	0	0	0	0.9621
1	40	16	evt_2	0	0	0	0.9983
1	40	17	evt_20	0	0	0	0.9914
1	40	18	evt_16	0	0	0	0.9979
1	40	19	evt_10	0	0	0	0.9838
1	40	20	evt_22	0	0	0	0.9921
1	40	21	evt_13	0	0	0	0.9972
1	40	22	evt_0	0	0	0	0.9813
1	40	23	evt_8	0	0	0	0.9977
1	41	0	evt_7	0	0	0	0.9968
1	41	1	evt_5	0	0	0	0.9968
1	41	2	evt_23	0	0	0	0.9934
1	41	3	evt_12	0	0	0	0.9961
1	41	4	evt_3	0	0	0	0.9929
1	41	5	evt_2	0	0	0	0.9985
1	41	6	evt_14	0	0	0	0.986
1	41	7	evt_18	0	0	0	0.998
1	41	8	evt_10	0	0	0	0.9959
1	41	9	evt_1	0	0	0	0.9853
1	41	10	evt_22	0	0	0	0.9933
1	41	11	evt_19	0	0	0	0.9905
1	41	12	evt_4	0	0	0	0.9986
1	41	13	evt_17	0	0	0	0.9944
1	41	14	evt_20	0	0	0	0.9909
1	41	15	evt_6	0	0	0	0.9705
1	41	16	evt_13	0	0	0	0.9975
1	41	17	evt_21	0	0	0	0.9888
1	41	18	evt_15	0	0	0	0.9972
1	41	19	evt_0	0	0	0	0.9798
1	41	20	evt_11	0	0	0	0.9943
1	41	21	evt_9	0	0	0	0.9939
1	41	22	evt_16	0	0	0	0.9983
1	41	23	evt_8	0	0	0	0.9978
1	42	0	evt_18	0	0	0	0.9983
1	42	1	evt_23	0	0	0	0.9895
1	42	2	evt_22	0	0	0	0.9932
1	42	3	evt_2	0	0	0	0.9983
1	42	4	evt_6	0	0	0	0.9759
1	42	5	evt_5	0	0	0	0.9968
1	42	6	evt_0	0	0	0	0.9805
1	42	7	evt_9	0	0	0	0.9941
1	42	8	evt_3	0	0	0	0.9945
1	42	9	evt_16	0	0	0	0.9982
1	42	10	evt_17	0	0	0	0.9948
1	42	11	evt_4	0	0	0	0.9887
1	42	12	evt_13	0	0	0	0.9984
1	42	13	evt_15	0	0	0	0.9977
1	42	14	evt_8	0	0	0	0.9978
1	42	15	evt_12	0	0	0	0.9966
1	42	16	evt_20	0	0	0	0.992
1	42	17	evt_19	0	0	0	0.9905
1	42	18	evt_1	0	0	0	0.9903
1	42	19	evt_14	0	0	0	0.9867
1	42	20	evt_10	0	0	0	0.9958
1	42	21	evt_7	0	0	0	0.998
1	42	22	evt_11	0	0	0	0.9945
1	42	23	evt_21	0	0	0	0.9911
